Date,adj_close,close,high,low,open,volume
2010-01-01,47.29143142700195,52.06999969482422,53.2400016784668,51.11000061035156,53.02000045776367,4524400
2010-01-08,47.76945877075195,52.5,53.06999969482422,51.70000076293945,52.04999923706055,3116900
2010-01-15,47.551082611083984,52.2599983215332,54.18000030517578,51.47999954223633,52.400001525878906,2890500
2010-01-22,45.81317901611328,50.34999847412109,52.22999954223633,49.84000015258789,51.900001525878906,2532800
2010-01-29,48.29720306396485,53.08000183105469,54.20000076293945,50.02999877929688,50.61000061035156,4390800
2010-02-05,48.18802261352539,52.959999084472656,53.290000915527344,51.0099983215332,52.9900016784668,3475200
2010-02-12,49.89860534667969,54.84000015258789,54.93000030517578,51.790000915527344,52.09999847412109,2441500
2010-02-19,49.88041687011719,54.81999969482422,56.11000061035156,53.70000076293945,54.720001220703125,3676600
2010-02-26,50.68111038208008,55.70000076293945,56.290000915527344,54.130001068115234,54.86000061035156,2817300
2010-03-05,52.46451950073242,57.65999984741211,57.66999816894531,55.77999877929688,56.02999877929688,2817800
2010-03-12,52.59189987182617,57.79999923706055,58.459999084472656,56.9900016784668,57.91999816894531,2945500
2010-03-19,51.72749710083008,56.84999847412109,58.220001220703125,56.75,57.2599983215332,2621300
2010-03-26,53.31981658935547,58.59999847412109,58.59999847412109,56.29999923706055,56.93999862670898,2710000
2010-04-02,54.63916397094727,60.04999923706055,60.22999954223633,58.400001525878906,58.869998931884766,2245100
2010-04-09,56.21208953857422,61.68000030517578,61.709999084472656,59.83000183105469,60.09999847412109,2292200
2010-04-16,56.92293167114258,62.459999084472656,62.630001068115234,59.959999084472656,61.2400016784668,2071000
2010-04-23,56.87736511230469,62.40999984741211,63.95000076293945,60.33000183105469,62.16999816894531,4449200
2010-04-30,52.840091705322266,57.97999954223633,62.84000015258789,55.08000183105469,62.47999954223633,3326800
2010-05-07,56.12094497680664,61.58000183105469,62.25,56.709999084472656,57.720001220703125,3432400
2010-05-14,51.81025695800781,56.84999847412109,61.68000030517578,56.79999923706055,61.2599983215332,3690400
2010-05-21,53.65118789672852,58.869998931884766,58.869998931884766,54.90999984741211,56.91999816894531,3624100
2010-05-28,53.94283676147461,59.18999862670898,59.27000045776367,56.40999984741211,58.75,2711300
2010-06-04,52.949462890625,58.09999847412109,58.45000076293945,54.880001068115234,58.09000015258789,2915300
2010-06-11,55.06376266479492,60.41999816894531,60.54999923706055,57.40999984741211,57.45000076293945,2514300
2010-06-18,52.80362701416016,57.93999862670898,61.470001220703125,57.84000015258789,59.81999969482422,2038900
2010-06-25,50.18805694580078,55.06999969482422,58.4900016784668,54.25,57.970001220703125,3976900
2010-07-02,51.72825622558594,56.7599983215332,56.84999847412109,54.209999084472656,55.22999954223633,2360200
2010-07-09,53.39748764038086,58.4900016784668,58.61000061035156,56.09999847412109,56.880001068115234,2083400
2010-07-16,54.88554382324219,60.119998931884766,60.36000061035156,56.45000076293945,58.15999984741211,2724400
2010-07-23,56.67490005493164,62.08000183105469,65.7699966430664,59.959999084472656,60.08000183105469,4656100
2010-07-30,57.907344818115234,63.43000030517578,64.0,60.91999816894531,61.27999877929688,2699300
2010-08-06,54.912933349609375,60.150001525878906,63.869998931884766,59.34000015258789,62.72999954223633,1753300
2010-08-13,54.36517333984375,59.54999923706055,61.29999923706055,58.709999084472656,59.86000061035156,2464900
2010-08-20,52.8314323425293,57.869998931884766,60.41999816894531,56.959999084472656,58.97999954223633,3002100
2010-08-27,55.55198287963867,60.84999847412109,60.86000061035156,57.5,58.27999877929688,2503000
2010-09-03,56.98530960083008,62.41999816894531,63.0099983215332,60.86000061035156,61.34000015258789,1896700
2010-09-10,58.40034484863281,63.970001220703125,64.33999633789062,62.09000015258789,62.47999954223633,2521200
2010-09-17,58.02602767944336,63.560001373291016,65.5999984741211,63.11000061035156,64.70999908447266,3261700
2010-09-24,59.5049934387207,65.18000030517578,66.37000274658203,64.02999877929688,64.44999694824219,2669000
2010-10-01,60.72832107543945,66.5199966430664,67.41999816894531,64.66999816894531,65.73999786376953,2742500
2010-10-08,61.07083511352539,66.80000305175781,67.56999969482422,65.3499984741211,66.72000122070312,2112000
2010-10-15,63.246673583984375,69.18000030517578,69.19999694824219,65.44999694824219,67.1500015258789,2898400
2010-10-22,63.612396240234375,69.58000183105469,72.91000366210938,68.66000366210938,69.19000244140625,3320600
2010-10-29,65.96199035644531,72.1500015258789,72.1500015258789,68.9800033569336,69.18000030517578,2450600
2010-11-05,65.33114624023438,71.45999908447266,72.16999816894531,70.86000061035156,72.06999969482422,3165400
2010-11-12,65.11173248291016,71.22000122070312,71.88999938964844,69.19000244140625,70.8499984741211,1997100
2010-11-19,67.15965270996094,73.45999908447266,73.48999786376953,70.29000091552734,71.18000030517578,1683800
2010-11-26,68.39385223388672,74.80999755859375,75.08999633789062,71.12999725341797,72.69000244140625,2140700
2010-12-03,70.25889587402344,76.8499984741211,77.0199966430664,74.36000061035156,74.47000122070312,2719200
2010-12-10,71.70338439941406,78.43000030517578,78.43000030517578,76.61000061035156,77.04000091552734,3609600
2010-12-17,70.20402526855469,76.79000091552734,78.62000274658203,76.7300033569336,78.41999816894531,3754000
2010-12-24,70.25889587402344,76.8499984741211,77.98999786376953,76.5,76.5999984741211,1257700
2010-12-31,69.14350128173828,75.62999725341797,78.11000061035156,75.06999969482422,76.76000213623047,2321000
2011-01-07,68.89591217041016,75.25,76.19000244140625,72.37000274658203,75.70999908447266,2918200
2011-01-14,67.34861755371094,73.55999755859375,75.98999786376953,73.33999633789062,75.13999938964844,3101900
2011-01-21,70.18687438964844,76.66000366210938,76.9000015258789,73.66999816894531,74.23999786376953,2750100
2011-01-28,72.42996978759766,79.11000061035156,79.9000015258789,74.8499984741211,76.66999816894531,3816200
2011-02-04,76.07389831542969,83.08999633789062,83.16999816894531,79.0,79.0,2696200
2011-02-11,77.44725036621094,84.58999633789062,85.20999908447266,82.41000366210938,82.61000061035156,3198700
2011-02-18,75.28653717041016,82.2300033569336,85.36000061035156,81.79000091552734,84.7699966430664,2921200
2011-02-25,80.10237884521484,87.48999786376953,87.68000030517578,82.33999633789062,82.69000244140625,3071400
2011-03-04,77.23668670654297,84.36000061035156,87.41000366210938,83.91000366210938,87.2300033569336,3284500
2011-03-11,75.53372955322266,82.5,84.80000305175781,80.47000122070312,83.5199966430664,2753300
2011-03-18,77.88671112060547,85.06999969482422,86.16000366210938,83.44999694824219,84.0199966430664,2873500
2011-03-25,79.15935516357422,86.45999908447266,86.61000061035156,84.0199966430664,85.30999755859375,2908600
2011-04-01,78.95790100097656,86.23999786376953,88.76000213623047,86.02999877929688,86.69000244140625,2670300
2011-04-08,77.4896011352539,84.52999877929688,86.8499984741211,83.51000213623047,86.66999816894531,1820300
2011-04-15,79.17633819580078,86.37000274658203,86.5199966430664,82.44999694824219,84.80999755859375,3584200
2011-04-22,79.29552459716797,86.5,88.55999755859375,85.6500015258789,86.36000061035156,2858700
2011-04-29,76.98542785644531,83.9800033569336,87.27999877929688,82.98999786376953,86.6500015258789,3257400
2011-05-06,77.00376892089844,84.0,85.73999786376953,82.27999877929688,84.94999694824219,2172200
2011-05-13,76.4354019165039,83.37999725341797,84.37999725341797,81.86000061035156,83.8499984741211,2540500
2011-05-20,75.50953674316406,82.37000274658203,83.68000030517578,79.79000091552734,83.5,2288800
2011-05-27,74.4644546508789,81.2300033569336,83.95999908447266,80.11000061035156,82.77999877929688,1632200
2011-06-03,72.84188079833984,79.45999908447266,80.9000015258789,78.66000366210938,80.08000183105469,3089600
2011-06-10,72.31019592285156,78.87999725341797,80.33000183105469,77.8499984741211,79.12999725341797,2571100
2011-06-17,74.73947143554688,81.52999877929688,82.4000015258789,79.55000305175781,79.66999816894531,3164000
2011-06-24,76.362060546875,83.30000305175781,83.80000305175781,80.19000244140625,81.58000183105469,2347900
2011-07-01,77.73715209960938,84.80000305175781,85.13999938964844,82.91999816894531,83.47000122070312,3188100
2011-07-08,74.4065933227539,81.05999755859375,83.83999633789062,80.81999969482422,83.83000183105469,1935000
2011-07-15,77.03180694580078,83.91999816894531,84.16999816894531,80.45999908447266,81.5,2228000
2011-07-22,75.5631332397461,82.31999969482422,87.95999908447266,81.93000030517578,83.94000244140625,3677800
2011-07-29,68.49515533447266,74.62000274658203,82.6500015258789,74.56999969482422,81.33000183105469,4547400
2011-08-05,65.70467376708984,71.58000183105469,76.29000091552734,66.48999786376953,75.47000122070312,4890900
2011-08-12,61.987117767333984,67.52999877929688,73.95999908447266,66.8499984741211,72.05000305175781,3224900
2011-08-19,64.8509750366211,70.6500015258789,71.81999969482422,65.62999725341797,66.51000213623047,3833400
2011-08-26,69.33042907714844,75.52999877929688,77.8499984741211,68.87000274658203,70.4000015258789,3925800
2011-09-02,67.38444519042969,73.41000366210938,75.16000366210938,70.44999694824219,73.73999786376953,2345200
2011-09-09,69.83531951904297,76.08000183105469,76.11000061035156,69.29000091552734,72.58000183105469,4092900
2011-09-16,62.023807525634766,67.56999969482422,76.79000091552734,66.76000213623047,76.72000122070312,3194400
2011-09-23,66.20032501220703,72.12000274658203,73.77999877929688,67.11000061035156,67.11000061035156,4103800
2011-09-30,67.46705627441406,73.5,73.5199966430664,64.9000015258789,71.0199966430664,4506400
2011-10-07,69.43954467773438,75.52999877929688,78.45999908447266,72.3499984741211,73.81999969482422,2377200
2011-10-14,70.16586303710938,76.31999969482422,78.5,74.9800033569336,77.61000061035156,3132100
2011-10-21,75.78315734863281,82.43000030517578,82.80000305175781,69.80000305175781,77.54000091552734,4735600
2011-10-28,77.44721221923828,84.23999786376953,84.48999786376953,77.9800033569336,81.93000030517578,2763000
2011-11-04,75.89351654052734,82.55000305175781,85.25,81.05999755859375,83.80000305175781,2391000
2011-11-11,76.05896759033203,82.7300033569336,87.08000183105469,81.94999694824219,83.75,2726200
2011-11-18,73.08943176269531,79.5,84.16000366210938,79.25,83.72000122070312,1705700
2011-11-25,77.84254455566406,84.66999816894531,86.18000030517578,78.94999694824219,79.31999969482422,2587300
2011-12-02,76.45427703857422,83.16000366210938,86.12999725341797,82.91000366210938,85.44000244140625,2137500
2011-12-09,75.37862396240234,81.98999786376953,84.83000183105469,81.16000366210938,83.58999633789062,2868300
2011-12-16,80.4351577758789,87.48999786376953,87.80000305175781,82.4000015258789,82.80000305175781,2921400
2011-12-23,79.9754638671875,86.98999786376953,88.91999816894531,85.95999908447266,87.72000122070312,1419500
2011-12-30,82.2554931640625,89.47000122070312,89.5999984741211,86.66000366210938,87.13999938964844,1634600
2012-01-06,85.28490447998047,92.62000274658205,92.83999633789062,88.94999694824219,89.41000366210938,2054200
2012-01-13,87.27379608154297,94.77999877929688,95.0999984741211,91.80999755859376,91.8499984741211,1961200
2012-01-20,86.78582763671875,94.25,96.0,93.43000030517578,94.66000366210938,1974400
2012-01-27,86.03077697753906,93.43000030517578,96.91000366210938,90.9800033569336,93.9800033569336,4329900
2012-02-03,86.94232940673828,94.41999816894533,95.25,93.1999969482422,95.25,2967800
2012-02-10,87.034423828125,94.5199966430664,94.61000061035156,92.25,93.06999969482422,1772100
2012-02-17,86.8594741821289,94.33000183105467,95.7300033569336,94.12999725341795,95.04000091552734,1440700
2012-02-24,86.00313568115234,93.4000015258789,95.3499984741211,91.5199966430664,94.58000183105467,4050900
2012-03-02,86.77661895751953,94.23999786376952,94.44000244140624,91.30999755859376,93.33000183105467,2710400
2012-03-09,91.23332214355467,99.08000183105467,99.5199966430664,94.36000061035156,94.37000274658205,3677800
2012-03-16,91.4359130859375,99.3000030517578,99.98999786376952,98.1500015258789,99.5,2597200
2012-03-23,90.9570541381836,98.77999877929688,101.05999755859376,98.08999633789062,99.44000244140624,2679700
2012-03-30,90.30329895019533,98.06999969482422,99.80999755859376,97.56999969482422,99.47000122070312,2833200
2012-04-06,90.79132080078124,98.5999984741211,98.73999786376952,95.0500030517578,96.5500030517578,1820000
2012-04-13,89.40152740478516,96.9499969482422,100.66000366210938,96.26000213623048,98.47000122070312,2979200
2012-04-20,94.16899871826172,102.12000274658205,102.12000274658205,97.0,97.25,3579600
2012-04-27,94.26122283935548,102.22000122070312,103.5,100.69000244140624,102.41000366210938,2407200
2012-05-04,93.74483489990234,101.66000366210938,101.9800033569336,99.44000244140624,101.7300033569336,2372600
2012-05-11,89.31855773925781,96.86000061035156,102.16000366210938,96.55999755859376,101.20999908447266,2626400
2012-05-18,92.54606628417967,100.36000061035156,100.9499969482422,95.30999755859376,96.6500015258789,2822100
2012-05-25,93.3390655517578,101.22000122070312,102.58999633789062,99.7699966430664,100.5500030517578,1615600
2012-06-01,91.3380355834961,99.0500030517578,103.33000183105467,95.08000183105467,100.12999725341795,2739500
2012-06-08,92.19563293457033,99.9800033569336,101.16999816894533,98.41999816894533,99.0500030517578,1795300
2012-06-15,91.39337158203124,99.11000061035156,103.47000122070312,98.87999725341795,100.73999786376952,2095300
2012-06-22,87.95375061035156,95.37999725341795,99.80999755859376,94.33999633789062,99.33000183105467,2417200
2012-06-29,91.35645294189452,99.06999969482422,99.6500015258789,96.66999816894533,97.3499984741211,1796500
2012-07-06,87.08697509765625,94.44000244140624,98.83999633789062,92.52999877929688,98.13999938964844,2387600
2012-07-13,89.2158432006836,96.61000061035156,97.37999725341795,93.75,94.5999984741211,2139200
2012-07-20,88.5324935913086,95.87000274658205,97.68000030517578,92.87999725341795,95.91000366210938,2380300
2012-07-27,94.2487564086914,102.05999755859376,108.88999938964844,96.0999984741211,96.0999984741211,5569700
2012-08-03,95.92945861816406,103.87999725341795,104.8000030517578,102.91999816894533,103.63999938964844,2482800
2012-08-10,97.7024917602539,105.8000030517578,106.4499969482422,103.16000366210938,103.43000030517578,2133800
2012-08-17,96.51122283935548,104.51000213623048,106.75,103.2699966430664,106.1999969482422,1824800
2012-08-24,94.6735382080078,102.5199966430664,105.0,101.98999786376952,104.13999938964844,1425900
2012-08-31,96.88062286376952,104.91000366210938,104.9499969482422,101.20999908447266,103.33999633789062,1188500
2012-09-07,97.00988006591795,105.0500030517578,105.63999938964844,103.47000122070312,105.0199966430664,1561100
2012-09-14,100.46365356445312,108.79000091552734,109.33000183105467,104.36000061035156,105.0199966430664,2832200
2012-09-21,101.69185638427734,110.12000274658205,111.4000015258789,108.44000244140624,109.20999908447266,2719900
2012-09-28,101.71033477783205,110.13999938964844,110.80999755859376,108.66000366210938,109.81999969482422,1778500
2012-10-05,101.30398559570312,109.6999969482422,111.5199966430664,107.73999786376952,110.62000274658205,2695700
2012-10-12,101.76558685302734,110.05999755859376,111.66000366210938,108.91000366210938,110.0199966430664,1780500
2012-10-19,100.63754272460938,108.83999633789062,109.56999969482422,105.45999908447266,109.56999969482422,2468600
2012-10-26,101.55294036865234,109.83000183105467,110.37999725341795,107.36000061035156,109.04000091552734,1245500
2012-11-02,100.09197235107422,108.25,111.75,107.80999755859376,110.62000274658205,1787300
2012-11-09,99.5741958618164,107.69000244140624,109.72000122070312,102.8499984741211,107.94000244140624,1820600
2012-11-16,103.4299545288086,111.86000061035156,113.16999816894533,107.25,108.0500030517578,2772400
2012-11-23,102.84741973876952,111.2300033569336,113.25,110.0,112.36000061035156,1961500
2012-11-30,103.06011962890624,111.45999908447266,112.97000122070312,108.26000213623048,111.37000274658205,2749500
2012-12-07,102.91217041015624,111.3000030517578,113.41999816894533,111.06999969482422,111.72000122070312,1879300
2012-12-14,102.40359497070312,110.75,111.66000366210938,109.37000274658205,111.66000366210938,3365000
2012-12-21,101.9260482788086,110.06999969482422,111.5,108.97000122070312,109.08999633789062,1488800
2012-12-28,106.130126953125,114.61000061035156,115.7300033569336,108.02999877929688,109.2699966430664,1567100
2013-01-04,106.00049591064452,114.47000122070312,115.87999725341795,113.81999969482422,114.95999908447266,2774300
2013-01-11,106.69499969482422,115.22000122070312,115.5,113.26000213623048,114.7300033569336,1643500
2013-01-18,109.8249282836914,118.5999984741211,119.0,115.56999969482422,115.56999969482422,2160600
2013-01-25,108.760009765625,117.4499969482422,120.66999816894533,116.4499969482422,119.08999633789062,2113900
2013-02-01,109.65827941894533,118.41999816894533,119.87000274658205,117.27999877929688,118.58000183105467,1739700
2013-02-08,110.99169158935548,119.86000061035156,120.36000061035156,118.27999877929688,118.63999938964844,1129600
2013-02-15,112.97333526611328,122.0,122.7699966430664,119.62000274658205,119.98999786376952,2482300
2013-02-22,115.39024353027344,124.61000061035156,125.36000061035156,121.2300033569336,122.43000030517578,2239800
2013-03-01,116.27922058105467,125.56999969482422,126.66999816894533,122.62000274658205,124.20999908447266,1969900
2013-03-08,116.59406280517578,125.91000366210938,126.88999938964844,123.9800033569336,126.25,2170700
2013-03-15,115.21431732177734,124.41999816894533,127.33999633789062,123.51000213623048,125.52999877929688,2061900
2013-03-22,117.89049530029295,127.30999755859376,127.41999816894533,123.58999633789062,124.81999969482422,1813900
2013-03-29,114.76982879638672,123.94000244140624,127.30999755859376,123.3000030517578,127.2699966430664,1175200
2013-04-05,115.14949798583984,124.3499984741211,125.16999816894533,121.72000122070312,122.30999755859376,1857800
2013-04-12,113.4499053955078,122.3499984741211,124.41000366210938,118.83000183105467,123.9000015258789,3101300
2013-04-19,114.6645965576172,123.66000366210938,125.12999725341795,121.29000091552734,122.43000030517578,2224400
2013-04-26,109.90777587890624,118.52999877929688,123.83999633789062,118.01000213623048,123.81999969482422,3660700
2013-05-03,112.08683013916016,120.87999725341795,121.5500030517578,119.16999816894533,119.41999816894533,2646900
2013-05-10,112.44847106933594,121.2699966430664,122.5,120.55999755859376,121.31999969482422,2619200
2013-05-17,114.17317962646484,123.12999725341795,125.41999816894533,121.48999786376952,121.48999786376952,2611200
2013-05-24,116.1389617919922,125.25,126.58000183105467,120.41000366210938,120.41000366210938,2500100
2013-05-31,113.23667907714844,122.12000274658205,126.3000030517578,120.72000122070312,125.01000213623048,2768700
2013-06-07,112.66172790527344,121.5,124.27999877929688,119.0999984741211,122.69000244140624,2019900
2013-06-14,112.44847106933594,121.2699966430664,125.51000213623048,120.0,121.43000030517578,2661900
2013-06-21,114.97988891601562,124.0,124.11000061035156,119.86000061035156,122.16999816894533,2965700
2013-06-28,115.48987579345705,124.5500030517578,126.43000030517578,122.9000015258789,123.33999633789062,1968200
2013-07-05,120.71964263916016,130.19000244140625,130.67999267578125,125.83999633789062,125.8499984741211,1539300
2013-07-12,121.2926788330078,130.63999938964844,130.9499969482422,128.8300018310547,129.82000732421875,1322700
2013-07-19,122.14685821533205,131.55999755859375,132.72000122070312,130.55999755859375,130.55999755859375,1368400
2013-07-26,118.81370544433594,127.97000122070312,131.7100067138672,125.70999908447266,130.74000549316406,3370100
2013-08-02,116.8268051147461,125.83000183105467,127.76000213623048,125.08999633789062,127.31999969482422,2416500
2013-08-09,116.10262298583984,125.0500030517578,128.13999938964844,125.0,125.76000213623048,1634600
2013-08-16,116.51116180419922,125.48999786376952,126.0199966430664,124.0500030517578,124.75,2420200
2013-08-23,115.13704681396484,124.01000213623048,126.6500015258789,122.97000122070312,125.9000015258789,1241500
2013-08-30,117.3931884765625,126.44000244140624,126.83999633789062,123.37000274658205,124.41999816894533,1465400
2013-09-06,120.7448959350586,130.0500030517578,130.50999450683594,125.27999877929688,126.5199966430664,1600500
2013-09-13,124.9786605834961,134.61000061035156,135.69000244140625,129.4199981689453,130.4499969482422,1517200
2013-09-20,125.34996795654295,135.00999450683594,135.1199951171875,132.22000122070312,134.55999755859375,1680900
2013-09-27,121.1719741821289,130.50999450683594,134.17999267578125,129.60000610351562,134.0,1753200
2013-10-04,120.89347076416016,130.2100067138672,131.13999938964844,126.5500030517578,130.5,1666200
2013-10-11,122.0720672607422,131.30999755859375,131.38999938964844,129.5399932861328,130.22999572753906,1565500
2013-10-18,122.31383514404295,131.57000732421875,133.91000366210938,131.05999755859375,132.22000122070312,1389800
2013-10-25,117.88868713378906,126.80999755859376,133.35000610351562,123.18000030517578,131.52000427246094,4220100
2013-11-01,114.87660217285156,123.56999969482422,128.4499969482422,123.45999908447266,127.08999633789062,2350500
2013-11-08,117.57257843017578,126.47000122070312,127.0999984741211,123.66999816894533,123.7699966430664,2440800
2013-11-15,119.1623077392578,128.17999267578125,128.2899932861328,125.11000061035156,126.43000030517578,3098800
2013-11-22,120.85427856445312,130.0,130.0399932861328,127.6500015258789,128.19000244140625,1360300
2013-11-29,118.1861572265625,127.12999725341795,130.4499969482422,126.0500030517578,130.30999755859375,1813600
2013-12-06,120.36156463623048,129.47000122070312,130.5500030517578,127.94000244140624,128.3800048828125,2299600
2013-12-13,124.51707458496094,133.94000244140625,134.16000366210938,129.3300018310547,129.80999755859375,3447000
2013-12-20,128.3843994140625,138.10000610351562,138.3699951171875,133.85000610351562,134.05999755859375,1284600
2013-12-27,128.36582946777344,138.0800018310547,139.91000366210938,137.24000549316406,138.1199951171875,1123400
2014-01-03,129.72308349609375,139.5399932861328,140.32000732421875,136.8300018310547,138.0500030517578,1937600
2014-01-10,131.14036560058594,140.86000061035156,142.52999877929688,137.72999572753906,139.5399932861328,1659600
2014-01-17,129.40870666503906,139.0,142.33999633789062,138.6199951171875,140.66000366210938,1437800
2014-01-24,128.26358032226562,137.77000427246094,139.07000732421875,134.8800048828125,137.75,2832300
2014-01-31,123.60858917236328,132.77000427246094,138.27999877929688,130.72999572753906,136.1199951171875,3108800
2014-02-07,127.07198333740234,136.49000549316406,136.5399932861328,132.77999877929688,133.4600067138672,2497400
2014-02-14,126.18743896484376,135.5399932861328,137.3800048828125,134.42999267578125,136.49000549316406,1761500
2014-02-21,125.3216781616211,134.61000061035156,137.0500030517578,131.6199951171875,135.60000610351562,2361400
2014-02-28,129.09219360351562,138.66000366210938,139.07000732421875,133.72999572753906,134.5,3243200
2014-03-07,124.68850708007812,133.92999267578125,139.77999877929688,132.22000122070312,139.16000366210938,4065900
2014-03-14,125.71270751953124,135.02999877929688,137.2899932861328,132.97000122070312,133.0800018310547,2730400
2014-03-21,123.33860778808594,132.47999572753906,137.24000549316406,132.14999389648438,136.0500030517578,2737800
2014-03-28,127.42569732666016,136.8699951171875,137.25999450683594,132.47000122070312,132.47000122070312,2050200
2014-04-04,122.1003646850586,131.14999389648438,137.74000549316406,131.0800018310547,137.41000366210938,2050500
2014-04-11,121.5284423828125,130.33999633789062,132.30999755859375,126.75,130.72999572753906,3582100
2014-04-18,122.80585479736328,131.7100067138672,132.7100067138672,130.11000061035156,130.6699981689453,1557000
2014-04-25,128.76380920410156,138.10000610351562,139.94000244140625,129.0,131.67999267578125,3638000
2014-05-02,131.14144897460938,140.64999389648438,141.42999267578125,136.4499969482422,137.74000549316406,2542400
2014-05-09,129.3326873779297,138.7100067138672,141.72000122070312,137.49000549316406,140.33999633789062,1472600
2014-05-16,131.17874145507812,140.69000244140625,141.35000610351562,137.52999877929688,138.7100067138672,1634900
2014-05-23,131.75680541992188,141.30999755859375,143.07000732421875,140.22000122070312,140.6199951171875,1664400
2014-05-30,133.70555114746094,143.39999389648438,143.50999450683594,140.25999450683594,141.02000427246094,1325300
2014-06-06,135.7475128173828,145.58999633789062,147.07000732421875,142.49000549316406,142.6999969482422,2189600
2014-06-13,137.45384216308594,147.4199981689453,151.4499969482422,145.1300048828125,145.58999633789062,2018900
2014-06-20,136.1111297607422,145.97999572753906,149.1199951171875,145.2100067138672,148.07000732421875,1864100
2014-06-27,136.53070068359375,146.42999267578125,147.32000732421875,145.0,145.82000732421875,2642400
2014-07-04,134.24639892578125,143.97999572753906,146.52000427246094,143.72000122070312,146.47999572753906,1184700
2014-07-11,133.0496063232422,142.5,145.89999389648438,142.32000732421875,143.91000366210938,2302700
2014-07-18,133.4790802001953,142.9600067138672,144.4600067138672,142.0,142.92999267578125,1742400
2014-07-25,134.51547241210938,144.07000732421875,150.77999877929688,142.1999969482422,142.85000610351562,3256100
2014-08-01,134.82359313964844,144.39999389648438,146.13999938964844,142.4199981689453,143.44000244140625,1956000
2014-08-08,138.296875,148.1199951171875,148.16000366210938,144.66000366210938,145.0,1301500
2014-08-15,140.73379516601562,150.72999572753906,151.74000549316406,145.9199981689453,148.38999938964844,1276500
2014-08-22,140.40701293945312,150.3800048828125,151.69000244140625,149.6300048828125,150.22999572753906,1011400
2014-08-29,138.95974731445312,148.8300018310547,151.5,148.30999755859375,150.5800018310547,1059900
2014-09-05,137.86734008789062,147.66000366210938,149.8000030517578,147.02000427246094,148.82000732421875,1400200
2014-09-12,140.26686096191406,150.22999572753906,150.60000610351562,146.2899932861328,147.47000122070312,1391600
2014-09-19,135.90658569335938,145.55999755859375,151.3800048828125,145.5500030517578,151.27999877929688,1503400
2014-09-26,135.22506713867188,144.8300018310547,147.80999755859375,143.52000427246094,145.47999572753906,1915100
2014-10-03,133.7498779296875,143.25,147.9600067138672,142.60000610351562,145.6300048828125,1740400
2014-10-10,131.93556213378906,141.11000061035156,143.82000732421875,137.33999633789062,143.5500030517578,2481400
2014-10-17,140.7430877685547,150.52999877929688,150.89999389648438,142.39999389648438,142.39999389648438,2339200
2014-10-24,144.76348876953125,154.8300018310547,155.33999633789062,149.32000732421875,150.52999877929688,2803900
2014-10-31,147.9425048828125,158.22999572753906,159.74000549316406,155.25999450683594,156.9199981689453,2693900
2014-11-07,146.54933166503906,156.74000549316406,158.99000549316406,156.22999572753906,158.10000610351562,1584600
2014-11-14,146.98876953125,157.2100067138672,158.07000732421875,155.08999633789062,156.47999572753906,1585900
2014-11-21,149.1579132080078,159.52999877929688,160.60000610351562,157.50999450683594,158.39999389648438,1052900
2014-11-28,148.46604919433594,158.7899932861328,160.08999633789062,155.25,159.6699981689453,1510200
2014-12-05,143.08053588867188,153.02999877929688,159.16000366210938,152.47000122070312,158.7899932861328,1535800
2014-12-12,147.34405517578125,157.58999633789062,157.63999938964844,148.14999389648438,151.5500030517578,2323400
2014-12-19,149.3636474609375,159.75,160.41000366210938,156.00999450683594,158.58999633789062,1585900
2014-12-26,146.18470764160156,156.35000610351562,160.8800048828125,156.25999450683594,160.05999755859375,678300
2015-01-02,142.3138885498047,152.2100067138672,157.30999755859375,148.66000366210938,156.66000366210938,2173000
2015-01-09,136.62332153320312,145.8800048828125,153.2100067138672,145.3800048828125,152.58999633789062,2340200
2015-01-16,140.6971893310547,150.22999572753906,150.47000122070312,144.6199951171875,145.3000030517578,2200400
2015-01-23,146.50384521484375,156.42999267578125,161.85000610351562,149.50999450683594,149.9199981689453,3209700
2015-01-30,151.8234100341797,162.11000061035156,162.52999877929688,153.89999389648438,154.86000061035156,2667500
2015-02-06,154.59552001953125,165.07000732421875,165.1300048828125,160.60000610351562,162.8000030517578,1904500
2015-02-13,156.77772521972656,167.39999389648438,168.61000061035156,165.3000030517578,166.27999877929688,1718300
2015-02-20,157.8734893798828,168.57000732421875,169.3300018310547,165.4600067138672,167.17999267578125,1591200
2015-02-27,157.91094970703125,168.61000061035156,169.63999938964844,165.25,168.41000366210938,1710100
2015-03-06,157.9015655517578,168.60000610351562,168.83999633789062,165.07000732421875,167.13999938964844,1843400
2015-03-13,158.4354248046875,169.1699981689453,171.58999633789062,165.9199981689453,168.24000549316406,1607700
2015-03-20,159.66226196289062,170.47999572753906,172.72000122070312,168.47999572753906,169.77000427246094,2163700
2015-03-27,160.5052032470703,171.3800048828125,174.19000244140625,168.9199981689453,169.77000427246094,2121400
2015-04-03,159.67164611816406,170.49000549316406,172.91000366210938,168.82000732421875,170.75,1947200
2015-04-10,160.0555877685547,170.64999389648438,171.55999755859375,167.74000549316406,171.2899932861328,1547600
2015-04-17,159.4928436279297,170.0500030517578,170.82000732421875,165.9499969482422,169.52999877929688,2458700
2015-04-24,157.72959899902344,168.1699981689453,176.41000366210938,167.8800048828125,169.94000244140625,3043400
2015-05-01,158.39544677734375,168.8800048828125,171.0800018310547,166.77000427246094,168.52999877929688,2081100
2015-05-08,165.4016876220703,176.35000610351562,176.6199951171875,169.8699951171875,170.75999450683594,2269000
2015-05-15,166.19891357421875,177.1999969482422,177.63999938964844,174.9199981689453,176.00999450683594,1756500
2015-05-22,166.18017578125,177.17999267578125,178.0,174.97000122070312,177.27000427246094,1034500
2015-05-29,163.50709533691406,174.3300018310547,176.92999267578125,173.4600067138672,176.58999633789062,1256300
2015-06-05,166.67724609375,177.7100067138672,178.3300018310547,173.00999450683594,174.16000366210938,1088900
2015-06-12,166.0207061767578,177.00999450683594,177.38999938964844,172.36000061035156,177.14999389648438,1282900
2015-06-19,164.2199249267578,175.08999633789062,178.9199981689453,174.91000366210938,176.89999389648438,1922700
2015-06-26,163.7509765625,174.58999633789062,176.86000061035156,172.13999938964844,175.72999572753906,1958200
2015-07-03,160.90902709960938,171.55999755859375,175.0800018310547,170.67999267578125,172.8800048828125,1465400
2015-07-10,166.32394409179688,177.0800018310547,177.97000122070312,171.69000244140625,173.86000061035156,1615900
2015-07-17,163.25262451171875,173.80999755859375,177.82000732421875,173.6300048828125,177.16000366210938,1480900
2015-07-24,156.92198181152344,167.07000732421875,174.24000549316406,158.2100067138672,173.47000122070312,3921800
2015-07-31,156.80926513671875,166.9499969482422,169.41000366210938,164.3300018310547,167.88999938964844,1932300
2015-08-07,158.7910919189453,169.05999755859375,170.6300048828125,166.2899932861328,166.47000122070312,1440500
2015-08-14,155.64454650878906,165.7100067138672,171.77999877929688,165.69000244140625,168.47000122070312,1526500
2015-08-21,153.33396911621094,163.25,164.9600067138672,152.7899932861328,164.72000122070312,3700400
2015-08-28,149.09800720214844,158.74000549316406,164.19000244140625,154.83999633789062,162.49000549316406,2465800
2015-09-04,149.37974548339844,159.0399932861328,162.14999389648438,155.3699951171875,157.75999450683594,1292800
2015-09-11,151.662109375,161.47000122070312,163.97999572753906,156.27999877929688,156.82000732421875,1893700
2015-09-18,144.56134033203125,153.91000366210938,160.55999755859375,150.91000366210938,160.0,2654300
2015-09-25,148.16807556152344,157.75,157.86000061035156,152.0,155.60000610351562,2882400
2015-10-02,163.40286254882812,173.97000122070312,174.33999633789062,154.67999267578125,154.9199981689453,3167000
2015-10-09,164.28106689453125,174.63999938964844,175.86000061035156,171.9600067138672,173.8000030517578,1991500
2015-10-16,165.09005737304688,175.5,176.8800048828125,172.60000610351562,174.97999572753906,2669000
2015-10-23,173.31161499023438,184.2400054931641,184.58999633789065,175.69000244140625,176.80999755859375,3145400
2015-10-30,176.7639617919922,187.9100036621093,189.5,184.1600036621093,184.67999267578125,2203900
2015-11-06,173.3962860107422,184.3300018310547,188.52999877929688,183.75,186.8699951171875,1335700
2015-11-13,178.20315551757812,189.44000244140625,191.8099975585937,183.67999267578125,184.02999877929688,2014800
2015-11-20,182.3422088623047,193.83999633789065,194.97999572753903,189.8800048828125,190.17999267578125,1211100
2015-11-27,176.49111938476562,187.6199951171875,195.92999267578125,185.82000732421875,194.009994506836,2515500
2015-12-04,175.45639038085938,186.5200042724609,189.97000122070312,184.3300018310547,187.97999572753903,1991800
2015-12-11,173.65029907226562,184.6000061035156,188.32000732421875,182.08999633789065,184.83999633789065,2006700
2015-12-18,178.57945251464844,189.83999633789065,190.3600006103516,183.22000122070312,184.25,1774300
2015-12-25,178.53244018554688,189.7899932861328,193.32000732421875,188.27999877929688,188.72999572753903,890400
2016-01-01,167.33828735351562,177.88999938964844,188.0800018310547,177.49000549316406,186.3800048828125,1779900
2016-01-08,160.9638671875,170.83999633789062,179.85000610351562,168.8000030517578,179.22999572753906,3084500
2016-01-15,156.78057861328125,166.39999389648438,172.3000030517578,164.72999572753906,167.97000122070312,2665900
2016-01-22,159.9086456298828,169.72000122070312,172.22999572753906,165.94000244140625,171.27999877929688,2200700
2016-01-29,157.31761169433594,166.97000122070312,175.80999755859375,155.7899932861328,170.3000030517578,5790700
2016-02-05,150.72227478027344,159.97000122070312,165.82000732421875,157.17999267578125,165.82000732421875,2902100
2016-02-12,160.6436004638672,170.5,172.36000061035156,157.75,160.6699981689453,2183800
2016-02-19,161.11465454101562,171.0,174.44000244140625,168.58999633789062,170.66000366210938,2551600
2016-02-26,162.41488647460938,172.3800048828125,172.55999755859375,166.8699951171875,171.94000244140625,2604700
2016-03-04,160.60592651367188,170.4600067138672,173.47999572753906,168.7899932861328,171.9600067138672,1952400
2016-03-11,169.38710021972656,179.77999877929688,180.69000244140625,170.89999389648438,171.85000610351562,2168700
2016-03-18,170.09376525878906,180.52999877929688,182.6199951171875,178.86000061035156,180.3099975585937,2220000
2016-03-25,172.20431518554688,182.7700042724609,184.4199981689453,180.4100036621093,180.7100067138672,1477300
2016-04-01,166.35325622558594,176.55999755859375,185.13999938964844,176.00999450683594,181.2400054931641,2501900
2016-04-08,166.95379638671875,176.89999389648438,178.91000366210938,176.08999633789062,178.02999877929688,1955400
2016-04-15,168.67147827148438,178.72000122070312,180.69000244140625,176.05999755859375,177.30999755859375,1755500
2016-04-22,166.8594512939453,176.8000030517578,181.1499938964844,175.02999877929688,177.57000732421875,3018100
2016-04-29,164.5661163330078,174.3699951171875,177.83999633789062,172.67999267578125,175.8699951171875,2413400
2016-05-06,167.18978881835938,177.14999389648438,178.2100067138672,173.64999389648438,174.2100067138672,1679300
2016-05-13,169.87013244628906,179.99000549316406,181.8099975585937,175.27999877929688,176.8000030517578,3042600
2016-05-20,162.05567932128906,171.7100067138672,183.72999572753903,170.22999572753906,181.17999267578125,6346500
2016-05-27,161.9990234375,171.64999389648438,172.3699951171875,169.27000427246094,172.17999267578125,3961900
2016-06-03,164.45278930664062,174.25,175.07000732421875,170.55999755859375,171.38999938964844,1931000
2016-06-10,159.1393585205078,168.6199951171875,173.69000244140625,165.92999267578125,173.69000244140625,1716700
2016-06-17,163.1881561279297,172.91000366210938,172.97000122070312,166.8699951171875,168.7899932861328,2032300
2016-06-24,160.9703369140625,170.55999755859375,170.61000061035156,163.85000610351562,167.4499969482422,3501800
2016-07-01,157.86529541015625,167.27000427246094,171.92999267578125,165.05999755859375,170.9499969482422,1927300
2016-07-08,162.6405029296875,172.02000427246094,172.6999969482422,168.6199951171875,168.6199951171875,3397500
2016-07-15,162.47979736328125,171.85000610351562,174.55999755859375,169.6999969482422,172.50999450683594,2238300
2016-07-22,159.89866638183594,169.1199951171875,173.3699951171875,159.27999877929688,171.66000366210938,8565100
2016-07-29,160.32411193847656,169.57000732421875,172.0,168.49000549316406,168.82000732421875,3318500
2016-08-05,164.9380340576172,174.4499969482422,174.60000610351562,169.63999938964844,170.25,1806400
2016-08-12,163.77505493164062,173.22000122070312,174.25999450683594,171.85000610351562,174.0800018310547,1921500
2016-08-19,167.18820190429688,176.8300018310547,177.47000122070312,172.05999755859375,172.72999572753906,3063600
2016-08-26,170.85670471191406,180.7100067138672,180.8699951171875,176.72999572753906,177.22999572753906,2423000
2016-09-02,170.38389587402344,180.2100067138672,182.2400054931641,178.91000366210938,181.0800018310547,1859300
2016-09-09,168.47412109375,178.19000244140625,180.02999877929688,174.4499969482422,178.75,2165100
2016-09-16,172.1992645263672,182.1300048828125,182.3500061035156,175.38999938964844,177.5399932861328,2178800
2016-09-23,171.41453552246094,181.3000030517578,183.1199951171875,177.3800048828125,182.1999969482422,2021200
2016-09-30,171.42398071289062,181.3099975585937,183.4900054931641,179.77999877929688,182.4199981689453,2122900
2016-10-07,164.67059326171875,173.8800048828125,181.22999572753903,173.5800018310547,181.19000244140625,1991700
2016-10-14,164.00765991210938,173.17999267578125,175.58999633789062,170.4199981689453,173.8699951171875,2304500
2016-10-21,159.55654907226562,168.47999572753906,174.8699951171875,167.75,171.47000122070312,2625800
2016-10-28,161.33697509765625,170.36000061035156,174.8800048828125,167.5,168.97999572753906,6952100
2016-11-04,170.28652954101562,179.80999755859375,180.5,169.4199981689453,170.80999755859375,4468000
2016-11-11,171.81121826171875,181.4199981689453,182.25,178.00999450683594,179.57000732421875,3843200
2016-11-18,174.44400024414062,184.1999969482422,184.42999267578125,179.9600067138672,181.1000061035156,1851700
2016-11-25,172.19952392578125,181.8300018310547,184.6000061035156,180.94000244140625,184.22000122070312,2289200
2016-12-02,173.58216857910156,183.2899932861328,185.3600006103516,181.1600036621093,181.6600036621093,4436600
2016-12-09,177.06729125976562,186.97000122070312,189.44000244140625,182.9600067138672,183.1199951171875,4131400
2016-12-16,176.15817260742188,186.009994506836,188.47000122070312,183.8600006103516,187.75,2782100
2016-12-23,173.4306182861328,183.1300048828125,187.0500030517578,182.63999938964844,186.42999267578125,1144000
2016-12-30,175.457275390625,185.2700042724609,186.9900054931641,182.02999877929688,184.08999633789065,1573300
2017-01-06,178.05709838867188,187.6600036621093,189.7899932861328,184.5500030517578,187.1499938964844,2550600
2017-01-13,175.93167114257812,185.4199981689453,190.009994506836,185.1000061035156,189.509994506836,2055400
2017-01-20,180.69482421875,190.44000244140625,191.94000244140625,185.1100006103516,186.1199951171875,2684000
2017-01-27,181.947265625,191.759994506836,192.75,188.3600006103516,191.1199951171875,2310900
2017-02-03,191.85305786132807,202.1999969482422,205.69000244140625,191.22000122070312,192.2100067138672,3179200
2017-02-10,196.22715759277344,206.8099975585937,207.6000061035156,203.009994506836,203.5,2795300
2017-02-17,198.73204040527344,209.4499969482422,210.1699981689453,205.27999877929688,206.4900054931641,2533200
2017-02-24,201.8916473388672,212.77999877929688,213.38999938964844,208.33999633789065,209.22000122070312,2963600
2017-03-03,199.84217834472656,210.6199951171875,213.2400054931641,210.0500030517578,211.42999267578125,2252100
2017-03-10,200.1552734375,210.9499969482422,214.44000244140625,209.7700042724609,210.8300018310547,2676000
2017-03-17,196.8438720703125,207.4600067138672,211.6699981689453,207.009994506836,211.1600036621093,2526900
2017-03-24,198.2386474609375,208.92999267578125,209.009994506836,203.5,206.509994506836,2518400
2017-03-31,197.4606475830078,208.1100006103516,209.4499969482422,204.6199951171875,208.25,2792100
2017-04-07,194.8489685058593,205.009994506836,210.6499938964844,204.7700042724609,208.0200042724609,1980600
2017-04-14,198.4891815185547,208.83999633789065,209.8000030517578,205.1999969482422,205.8999938964844,1404600
2017-04-21,206.8435211181641,217.6300048828125,217.8800048828125,208.5500030517578,209.3099975585937,3143500
2017-04-28,207.4042358398437,218.22000122070312,225.57000732421875,215.1600036621093,218.0,3050200
2017-05-05,211.74774169921875,222.7899932861328,222.94000244140625,217.88999938964844,218.7100067138672,2099100
2017-05-12,208.47824096679688,219.3500061035156,224.32000732421875,216.8000030517578,221.8600006103516,2435200
2017-05-19,215.5115203857422,226.75,227.4499969482422,219.4100036621093,219.82000732421875,1686500
2017-05-26,218.28677368164065,229.6699981689453,230.47000122070312,225.7700042724609,225.97000122070312,1901900
2017-06-02,217.1272125244141,228.4499969482422,232.8699951171875,226.82000732421875,230.33999633789065,2035400
2017-06-09,219.294189453125,230.72999572753903,230.94000244140625,226.63999938964844,228.6499938964844,1965100
2017-06-16,220.89093017578125,232.4100036621093,235.5,230.0599975585937,231.3800048828125,2078000
2017-06-23,218.51483154296875,229.9100036621093,233.6600036621093,228.3999938964844,232.7700042724609,2510100
2017-06-30,221.59426879882807,233.1499938964844,236.509994506836,230.3999938964844,230.6100006103516,1402800
2017-07-07,225.02215576171875,236.3999938964844,238.4900054931641,233.3000030517578,233.4499969482422,1911600
2017-07-14,223.54673767089844,234.8500061035156,238.1699981689453,232.7899932861328,236.83999633789065,1723000
2017-07-21,220.7958374023437,231.9600067138672,236.47999572753903,230.759994506836,233.27999877929688,1392500
2017-07-28,225.01258850097656,236.38999938964844,237.1199951171875,226.8099975585937,231.88999938964844,2530700
2017-08-04,218.130615234375,229.1600036621093,237.8300018310547,229.1199951171875,236.83999633789065,1558700
2017-08-11,218.26385498046875,229.3000030517578,235.3999938964844,228.75,230.25,1858500
2017-08-18,218.0067901611328,229.02999877929688,232.9600067138672,227.3099975585937,228.8500061035156,1651100
2017-08-25,219.55841064453125,230.6600036621093,232.3699951171875,227.92999267578125,229.58999633789065,1650900
2017-09-01,218.8921356201172,229.9600067138672,231.6999969482422,227.4600067138672,231.1999969482422,1180600
2017-09-08,225.03170776367188,236.4100036621093,238.4100036621093,229.13999938964844,229.5800018310547,1310700
2017-09-15,234.69314575195312,246.5599975585937,247.4900054931641,235.27999877929688,235.7899932861328,2227000
2017-09-22,230.0765991210937,241.7100067138672,247.5399932861328,240.0399932861328,246.08999633789065,1653800
2017-09-29,238.9384613037109,251.0200042724609,251.52999877929688,240.8500061035156,241.3699951171875,1512400
2017-10-06,240.2557373046875,252.0500030517578,252.5599975585937,249.0399932861328,251.1000061035156,2006900
2017-10-13,240.16995239257807,251.9600067138672,253.1600036621093,248.92999267578125,252.1999969482422,1596900
2017-10-20,245.4698028564453,257.5199890136719,257.760009765625,252.17999267578125,252.8600006103516,1286000
2017-10-27,244.6690216064453,256.67999267578125,261.07000732421875,248.02999877929688,257.1300048828125,2112500
2017-11-03,245.76524353027344,257.8299865722656,261.3699951171875,255.7899932861328,256.95001220703125,1911300
2017-11-10,244.4975433349609,256.5,259.6300048828125,253.8500061035156,257.6499938964844,1808400
2017-11-17,248.3865203857422,260.5799865722656,261.8800048828125,254.52999877929688,255.1300048828125,1161600
2017-11-24,254.706283569336,267.2099914550781,267.8299865722656,259.5199890136719,261.1099853515625,1699400
2017-12-01,248.291244506836,260.4800109863281,266.29998779296875,257.32000732421875,265.67999267578125,2133500
2017-12-08,240.57028198242188,252.3800048828125,261.989990234375,252.22999572753903,261.989990234375,2426400
2017-12-15,246.28952026367188,258.3800048828125,262.57000732421875,252.3699951171875,253.02999877929688,3163600
2017-12-22,248.4056854248047,260.6000061035156,262.20001220703125,258.1000061035156,259.0299987792969,1093300
2017-12-29,252.46632385253903,264.8599853515625,265.75,257.9599914550781,261.8500061035156,1359000
2018-01-05,259.7489624023437,272.5,272.7200012207031,264.70001220703125,266.9100036621094,1689200
2018-01-12,263.8934936523437,276.4200134277344,277.4100036621094,272.3999938964844,274.1099853515625,1194000
2018-01-19,266.4329528808594,279.0799865722656,279.94000244140625,272.4599914550781,276.4200134277344,2283100
2018-01-26,268.504638671875,281.25,284.57000732421875,276.8699951171875,279.6300048828125,2721400
2018-02-02,247.64483642578125,259.3999938964844,290.4200134277344,258.3099975585937,280.6499938964844,4109600
2018-02-09,263.2538757324219,275.75,276.0,254.1000061035156,261.92999267578125,2539700
2018-02-16,266.929443359375,279.6000061035156,283.6000061035156,273.7699890136719,274.29998779296875,1899700
2018-02-23,255.36817932128903,267.489990234375,286.5799865722656,267.2300109863281,281.0799865722656,2014900
2018-03-02,267.01531982421875,279.69000244140625,281.19000244140625,264.6099853515625,265.7699890136719,2162700
2018-03-09,270.0417175292969,282.8599853515625,286.0,278.8099975585937,280.4800109863281,2008800
2018-03-16,268.1324157714844,280.8599853515625,292.9700012207031,280.489990234375,283.42999267578125,2417600
2018-03-23,267.969970703125,280.69000244140625,284.489990234375,274.1300048828125,281.0799865722656,1846900
2018-03-30,263.07244873046875,275.5599975585937,281.25,270.04998779296875,280.69000244140625,2613200
2018-04-06,261.9555053710937,274.3900146484375,275.70001220703125,266.510009765625,273.70001220703125,2465400
2018-04-13,267.693359375,279.9800109863281,281.0,271.8599853515625,276.2200012207031,1972300
2018-04-20,254.52769470214844,266.2099914550781,284.7099914550781,260.92999267578125,277.94000244140625,3876500
2018-04-27,253.05528259277344,264.6700134277344,269.989990234375,257.44000244140625,266.2099914550781,2484200
2018-05-04,266.9764099121094,279.2300109863281,279.7900085449219,262.0899963378906,263.19000244140625,1799000
2018-05-11,263.1710205078125,275.25,281.2799987792969,273.760009765625,279.32000732421875,1892200
2018-05-18,269.57696533203125,281.95001220703125,284.989990234375,274.3900146484375,275.0400085449219,2197100
2018-05-25,263.687255859375,275.7900085449219,281.1099853515625,273.010009765625,281.1099853515625,1557300
2018-06-01,271.8333740234375,284.3099975585937,285.989990234375,277.1199951171875,278.44000244140625,1413700
2018-06-08,270.7816467285156,283.2099914550781,287.9200134277344,282.5,284.6600036621094,1497500
2018-06-15,264.0028076171875,276.1199951171875,284.3999938964844,274.1300048828125,281.2200012207031,2262300
2018-06-22,259.6141052246094,271.5299987792969,280.1700134277344,267.2300109863281,278.3399963378906,2763300
2018-06-29,263.88800048828125,276.0,278.3699951171875,270.3099975585937,273.20001220703125,1427100
2018-07-06,269.5578308105469,281.92999267578125,282.3099975585937,274.0199890136719,275.0,1517300
2018-07-13,271.4268798828125,283.4599914550781,285.3500061035156,280.489990234375,282.5400085449219,1826900
2018-07-20,290.6927795410156,303.5799865722656,312.3800048828125,280.760009765625,282.2300109863281,3152300
2018-07-27,283.96112060546875,296.54998779296875,305.0,293.70001220703125,305.0,3227100
2018-08-03,282.9269714355469,295.4700012207031,299.9200134277344,292.2300109863281,297.3599853515625,1347100
2018-08-10,282.6205444335937,295.1499938964844,296.489990234375,290.9100036621094,294.6700134277344,1445800
2018-08-17,284.5931396484375,297.2099914550781,304.3299865722656,294.2900085449219,294.3999938964844,2368300
2018-08-24,284.11444091796875,296.7099914550781,300.5199890136719,291.94000244140625,297.69000244140625,2255500
2018-08-31,290.24273681640625,303.1099853515625,304.6300048828125,295.9599914550781,296.9100036621094,1910900
2018-09-07,297.7594909667969,310.9599914550781,311.07000732421875,301.3599853515625,302.5299987792969,2208700
2018-09-14,296.6294860839844,309.7799987792969,312.6499938964844,307.42999267578125,310.5899963378906,1760200
2018-09-21,281.7587890625,294.25,307.8399963378906,293.92999267578125,306.989990234375,2743600
2018-09-28,283.3292236328125,295.8900146484375,301.7099914550781,293.8299865722656,293.95001220703125,2536600
2018-10-05,262.0323486328125,273.2699890136719,297.8800048828125,272.6099853515625,296.95001220703125,2501400
2018-10-12,267.5938720703125,279.07000732421875,287.7099914550781,274.3699951171875,277.75,2709800
2018-10-19,254.42852783203125,265.3399963378906,280.95001220703125,262.7200012207031,279.8299865722656,2575900
2018-10-26,272.3786315917969,284.0599975585937,297.9700012207031,272.07000732421875,275.1000061035156,4509500
2018-11-02,284.3358764648437,296.5299987792969,297.260009765625,283.1499938964844,285.04998779296875,2276100
2018-11-09,282.34136962890625,294.45001220703125,298.1099853515625,286.239990234375,295.95001220703125,2081300
2018-11-16,276.6456604003906,288.510009765625,298.95001220703125,285.8800048828125,292.0400085449219,1607300
2018-11-23,281.7853088378906,293.8699951171875,295.79998779296875,283.1499938964844,285.6499938964844,1831200
2018-11-30,275.4087219238281,287.2200012207031,303.75,277.3500061035156,293.95001220703125,2200600
2018-12-07,269.6363525390625,281.20001220703125,290.760009765625,279.6400146484375,287.2200012207031,2361700
2018-12-14,251.97369384765625,262.7799987792969,280.25,260.20001220703125,278.010009765625,3238700
2018-12-21,254.246322631836,265.1499938964844,266.75,245.58999633789065,261.4800109863281,2152200
2018-12-28,248.1574249267578,258.79998779296875,268.8399963378906,257.8900146484375,266.7200012207031,1566600
2019-01-04,263.86395263671875,275.17999267578125,275.4100036621094,260.5199890136719,261.95001220703125,1948800
2019-01-11,264.53961181640625,275.4100036621094,277.1700134277344,268.6199951171875,273.3800048828125,1689700
2019-01-18,267.69970703125,278.70001220703125,282.5899963378906,273.1300048828125,277.17999267578125,1394900
2019-01-25,272.07977294921875,283.260009765625,289.3099975585937,278.42999267578125,282.1099853515625,2378600
2019-02-01,285.8729553222656,297.6199951171875,300.0,286.1199951171875,290.0,2762700
2019-02-08,294.0373840332031,306.1199951171875,310.79998779296875,294.8099975585937,296.5599975585937,1866900
2019-02-15,302.3747863769531,314.79998779296875,314.8999938964844,309.1000061035156,309.17999267578125,1226300
2019-02-22,310.87554931640625,323.6499938964844,324.6700134277344,314.1600036621094,316.1000061035156,2286800
2019-03-01,306.6492614746094,319.25,327.2300109863281,316.3800048828125,326.1099853515625,2304900
2019-03-08,312.6141357421875,325.4599914550781,327.4800109863281,315.0899963378906,316.1700134277344,1695800
2019-03-15,320.82666015625,334.010009765625,334.989990234375,325.19000244140625,327.54998779296875,2048000
2019-03-22,326.67633056640625,340.1000061035156,340.25,329.1600036621094,333.1499938964844,1586200
2019-03-29,331.5364990234375,345.1600036621094,350.9100036621094,339.5799865722656,341.42999267578125,2332900
2019-04-05,332.7948303222656,346.4700012207031,348.44000244140625,340.8299865722656,346.32000732421875,1840000
2019-04-12,336.3677062988281,349.7200012207031,353.6300048828125,347.0199890136719,348.1099853515625,1604600
2019-04-19,333.89581298828125,347.1499938964844,363.8500061035156,341.8399963378906,348.1600036621094,2262500
2019-04-26,343.9660949707031,357.6199951171875,361.4800109863281,344.760009765625,348.75,2404300
2019-05-03,338.9839782714844,352.44000244140625,360.9299926757813,347.57000732421875,360.010009765625,1303500
2019-05-10,346.2456359863281,359.989990234375,361.6600036621094,343.8599853515625,351.6499938964844,1504800
2019-05-17,339.3590393066406,352.8299865722656,360.6700134277344,349.1099853515625,357.2300109863281,1629200
2019-05-24,333.9824523925781,347.239990234375,356.1499938964844,342.0,355.1600036621094,1768300
2019-05-31,346.8323974609375,360.6000061035156,360.9700012207031,343.3599853515625,345.04998779296875,2076900
2019-06-07,351.362548828125,365.30999755859375,369.9500122070313,361.3900146484375,362.5400085449219,1872100
2019-06-14,353.5746154785156,367.6099853515625,370.30999755859375,359.4100036621094,364.739990234375,2629600
2019-06-21,349.0830993652344,362.9400024414063,369.6799926757813,359.69000244140625,368.7699890136719,3448100
2019-06-28,363.64501953125,378.0799865722656,379.239990234375,362.7099914550781,363.489990234375,2621700
2019-07-05,365.8571472167969,380.3800048828125,380.3800048828125,369.1600036621094,375.7699890136719,1730500
2019-07-12,363.5804748535156,377.5499877929688,385.510009765625,375.5299987792969,381.25,1633900
2019-07-19,357.26324462890625,370.989990234375,379.9100036621094,351.239990234375,379.260009765625,3663200
2019-07-26,347.53692626953125,360.8900146484375,371.55999755859375,358.8699951171875,370.3800048828125,2640300
2019-08-02,345.22564697265625,358.489990234375,362.9100036621094,342.5299987792969,360.9100036621094,2438600
2019-08-09,336.6260986328125,349.5599975585937,361.9700012207031,346.7699890136719,356.8500061035156,2045700
2019-08-16,341.9900207519531,355.1300048828125,363.8500061035156,346.7699890136719,352.6400146484375,1553200
2019-08-23,350.7917785644531,364.2699890136719,365.3800048828125,343.4800109863281,352.44000244140625,1953700
2019-08-30,361.2306823730469,375.1099853515625,376.9100036621094,358.8699951171875,367.7300109863281,1397100
2019-09-06,345.2160949707031,358.4800109863281,377.25,338.4800109863281,375.5499877929688,3122100
2019-09-13,343.3382263183594,356.5299987792969,362.010009765625,353.29998779296875,358.92999267578125,2528900
2019-09-20,342.0767517089844,355.2200012207031,364.4100036621094,351.94000244140625,359.1499938964844,3886700
2019-09-27,327.4968566894531,340.0799865722656,361.8800048828125,332.489990234375,358.6600036621094,2535100
2019-10-04,327.917236328125,340.04998779296875,345.760009765625,332.45001220703125,340.8399963378906,2083400
2019-10-11,328.59234619140625,340.75,348.3500061035156,335.32000732421875,344.0899963378906,2245100
2019-10-18,320.4727478027344,332.3299865722656,342.2799987792969,322.20001220703125,339.8800048828125,3438900
2019-10-25,324.93756103515625,336.9599914550781,343.1600036621094,330.57000732421875,331.1400146484375,2899800
2019-11-01,328.1873474121094,340.3299865722656,349.0599975585937,337.3999938964844,340.0899963378906,2752500
2019-11-08,336.6828918457031,349.1400146484375,352.4599914550781,334.9100036621094,338.8500061035156,2842200
2019-11-15,341.38885498046875,354.0199890136719,354.3399963378906,340.8500061035156,351.82000732421875,3120500
2019-11-22,349.8556213378906,362.7999877929688,364.489990234375,351.1700134277344,354.8699951171875,2348000
2019-11-29,334.66754150390625,347.04998779296875,362.3599853515625,345.0,361.5799865722656,2829600
2019-12-06,334.3782958984375,346.75,351.8699951171875,342.82000732421875,349.5899963378906,2422300
2019-12-13,339.4217224121094,351.9800109863281,356.989990234375,346.5199890136719,347.29998779296875,2135100
2019-12-20,341.1961364746094,353.82000732421875,355.6400146484375,349.7200012207031,354.0199890136719,1558100
2019-12-27,352.1410827636719,365.1700134277344,365.1700134277344,352.4700012207031,354.3900146484375,1656300
2020-01-03,356.90484619140625,370.1099853515625,370.4700012207031,356.1099853515625,359.42999267578125,2466800
2020-01-10,362.8102416992188,375.7000122070313,377.6700134277344,369.5299987792969,371.3399963378906,1791600
2020-01-17,365.4756774902344,378.4599914550781,380.6600036621094,372.6199951171875,376.510009765625,1737700
2020-01-24,376.02099609375,389.3800048828125,393.0,370.7900085449219,379.8800048828125,2447600
2020-01-31,371.8299255371094,385.0400085449219,390.8399963378906,378.4100036621094,386.6000061035156,2294000
2020-02-07,375.0649719238281,388.3900146484375,395.0,383.5400085449219,385.3699951171875,1559100
2020-02-14,370.835205078125,384.010009765625,394.3900146484375,383.739990234375,388.2099914550781,1328600
2020-02-21,342.82049560546875,355.0,390.0899963378906,354.489990234375,382.6499938964844,3217600
2020-02-28,339.4792175292969,351.5400085449219,371.1000061035156,341.1300048828125,346.54998779296875,3606000
2020-03-06,280.95831298828125,290.94000244140625,352.2200012207031,290.4800109863281,342.4700012207031,4641600
2020-03-13,289.7171936035156,300.010009765625,313.5199890136719,240.0,307.7900085449219,3730000
2020-03-20,295.8106994628906,306.32000732421875,306.32000732421875,245.8600006103516,304.010009765625,4994800
2020-03-27,294.603515625,305.07000732421875,319.67999267578125,289.5899963378906,291.9800109863281,3672500
2020-04-03,304.6273803710937,315.45001220703125,327.5899963378906,293.0199890136719,304.739990234375,2870600
2020-04-10,299.95318603515625,310.1000061035156,324.92999267578125,306.8500061035156,313.29998779296875,2330800
2020-04-17,303.7352600097656,314.010009765625,324.95001220703125,308.70001220703125,318.5899963378906,2373000
2020-04-24,329.8711242675781,341.0299987792969,354.94000244140625,304.54998779296875,315.2799987792969,4614500
2020-05-01,344.5349426269531,356.19000244140625,360.8999938964844,333.2200012207031,335.8299865722656,3301400
2020-05-08,345.79254150390625,357.489990234375,368.5499877929688,344.760009765625,359.6099853515625,3352200
2020-05-15,353.1147766113281,365.05999755859375,374.3800048828125,352.239990234375,353.5,3176100
2020-05-22,369.23931884765625,381.7300109863281,388.5400085449219,362.9400024414063,364.6099853515625,2021000
2020-05-29,389.07818603515625,402.239990234375,404.6400146484375,379.1499938964844,380.5299987792969,2767300
2020-06-05,379.4635009765625,392.2999877929688,410.4100036621094,390.4599914550781,409.0,3397800
2020-06-12,388.9717712402344,402.1300048828125,405.6700134277344,380.9800109863281,401.1600036621094,2329500
2020-06-19,380.4791259765625,393.3500061035156,406.8599853515625,381.3200073242188,406.8599853515625,2942000
2020-06-26,378.3705139160156,391.1700134277344,396.75,382.1499938964844,392.6900024414063,3257200
2020-07-03,382.0074768066406,394.9299926757813,400.6400146484375,390.2200012207031,395.8699951171875,1860700
2020-07-10,392.6858215332031,405.4400024414063,405.9100036621094,386.1700134277344,394.4400024414063,2130600
2020-07-17,407.0590515136719,420.2799987792969,425.5199890136719,406.3399963378906,407.7699890136719,2051700
2020-07-24,419.1851501464844,432.7999877929688,441.0299987792969,412.6300048828125,418.3500061035156,2613300
2020-07-31,423.233642578125,436.9800109863281,441.3800048828125,426.2300109863281,431.3900146484375,1715900
2020-08-07,438.924072265625,453.1799926757813,455.7200012207031,433.9599914550781,437.760009765625,2344900
2020-08-14,421.1221923828125,434.7999877929688,453.7200012207031,432.0,452.2999877929688,2542000
2020-08-21,414.5942077636719,428.05999755859375,437.260009765625,427.4599914550781,434.5299987792969,2024900
2020-08-28,416.4441528320313,429.9700012207031,445.8500061035156,425.3699951171875,428.5400085449219,1869800
2020-09-04,383.3490295410156,395.7999877929688,434.0199890136719,390.010009765625,433.5799865722656,2634500
2020-09-11,386.2547607421875,398.7999877929688,409.7900085449219,392.3200073242188,400.0,2812600
2020-09-18,378.903564453125,391.2099914550781,399.760009765625,380.0700073242188,397.0799865722656,2667400
2020-09-25,381.1020812988281,393.4800109863281,404.7099914550781,388.2799987792969,388.6199951171875,2404900
2020-10-02,390.9715881347656,403.6700134277344,407.7999877929688,389.7300109863281,390.0299987792969,1951900
2020-10-09,417.4503173828125,430.4500122070313,431.9200134277344,405.2300109863281,406.5700073242188,2619100
2020-10-16,414.6087036132813,427.5199890136719,438.3200073242188,420.8500061035156,431.5199890136719,2416000
2020-10-23,359.6114501953125,370.80999755859375,432.739990234375,365.5,431.05999755859375,4609400
2020-10-30,374.3427429199219,386.0,398.4100036621094,362.8999938964844,369.3599853515625,3289800
2020-11-06,378.8522338867188,390.6499938964844,417.25,384.1600036621094,385.239990234375,3500000
2020-11-13,397.113525390625,409.4800109863281,411.1199951171875,390.1000061035156,393.2999877929688,2737700
2020-11-20,405.8320617675781,418.4700012207031,421.4700012207031,403.4200134277344,409.8900146484375,1897000
2020-11-27,396.8517456054688,409.2099914550781,433.0899963378906,408.1400146484375,420.4500122070313,2487500
2020-12-04,402.4669189453125,415.0,423.1400146484375,409.8200073242188,409.8200073242188,2084300
2020-12-11,412.2036743164063,425.0400085449219,433.0199890136719,412.8299865722656,412.8299865722656,2113200
2020-12-18,407.4322204589844,420.1199951171875,430.8399963378906,410.3599853515625,425.4500122070313,2748500
2020-12-25,418.0709228515625,431.0899963378906,431.9500122070313,416.4500122070313,422.5199890136719,1077600
2021-01-01,417.5763854980469,430.5799865722656,432.0899963378906,414.1499938964844,429.9200134277344,2104700
2021-01-08,395.6322326660156,407.4100036621094,439.5799865722656,405.6600036621094,431.6000061035156,2936400
2021-01-15,409.22747802734375,421.4100036621094,423.8599853515625,402.2200012207031,406.489990234375,2296800
2021-01-22,410.60638427734375,422.8299865722656,429.5700073242188,409.8299865722656,421.6799926757813,2350400
2021-01-29,392.0779418945313,403.75,425.5799865722656,389.3500061035156,420.0,3955900
2021-02-05,388.4461059570313,400.010009765625,411.6900024414063,397.760009765625,406.6000061035156,2633600
2021-02-12,384.1149597167969,395.5499877929688,402.0899963378906,376.9400024414063,397.510009765625,3582100
2021-02-19,368.1502990722656,379.1099853515625,396.7900085449219,373.25,395.5499877929688,4648400
2021-02-26,361.1390075683594,371.8900146484375,388.2300109863281,365.2300109863281,381.7999877929688,3269400
2021-03-05,376.2394409179688,387.4400024414063,396.05999755859375,367.2000122070313,374.8399963378906,3229900
2021-03-12,389.669677734375,401.2699890136719,407.989990234375,384.7699890136719,389.3200073242188,3077300
2021-03-19,391.6894836425781,403.3500061035156,410.239990234375,391.0199890136719,400.7200012207031,3515300
2021-03-26,398.48724365234375,410.3500061035156,411.5299987792969,401.7099914550781,404.2000122070313,2257300
2021-04-02,406.6778564453125,418.2000122070313,422.0400085449219,412.2000122070313,412.2000122070313,1439300
2021-04-09,413.2418823242188,424.9500122070313,425.7999877929688,418.1199951171875,420.0,1779700
2021-04-16,419.2516479492188,431.1300048828125,434.7300109863281,420.1900024414063,428.55999755859375,2214000
2021-04-23,433.5661010742188,445.8500061035156,448.3800048828125,429.9700012207031,432.5899963378906,2170900
2021-04-30,433.9064636230469,446.2000122070313,452.239990234375,441.8500061035156,445.9100036621094,2220200
2021-05-07,425.38775634765625,437.4400024414063,450.5,427.2200012207031,446.2000122070313,1992100
2021-05-14,425.4461364746094,437.5,442.6199951171875,425.1400146484375,439.7300109863281,2500700
2021-05-21,435.160888671875,447.489990234375,449.1700134277344,438.989990234375,439.9800109863281,2111000
2021-05-28,434.7816467285156,447.1000061035156,454.8599853515625,444.4599914550781,449.0299987792969,1367000
2021-06-04,441.1706848144531,453.6700134277344,453.9500122070313,444.55999755859375,450.0,1424600
2021-06-11,442.3667907714844,454.8999938964844,466.6199951171875,448.760009765625,455.0,2412600
2021-06-18,448.8822326660156,461.6000061035156,462.4299926757813,449.2300109863281,450.5199890136719,1953200
2021-06-25,457.4786376953125,470.4400024414063,472.0899963378906,461.5700073242188,462.3900146484375,2578600
2021-07-02,462.1463623046875,475.239990234375,483.5,469.1300048828125,470.2999877929688,1471600
2021-07-09,473.7558898925781,486.6000061035156,488.30999755859375,476.1499938964844,477.239990234375,1642300
2021-07-16,478.6239318847656,491.6000061035156,497.1099853515625,477.80999755859375,486.6600036621094,2259700
2021-07-23,478.8672790527344,491.8500061035156,499.2099914550781,485.2699890136719,495.9100036621094,2491100
2021-07-30,476.8909606933594,489.8200073242188,495.9299926757813,486.3999938964844,490.8299865722656,1726800
2021-08-06,466.8433227539063,479.5,492.1499938964844,475.2000122070313,490.3999938964844,2347700
2021-08-13,464.4969787597656,477.0899963378906,486.3999938964844,475.0,481.4100036621094,1640900
2021-08-20,465.4704895019531,478.0899963378906,484.8900146484375,475.9299926757813,479.2699890136719,2102300
2021-08-27,473.4053955078125,486.239990234375,487.0199890136719,476.30999755859375,480.1099853515625,1179600
2021-09-03,466.2688903808594,478.9100036621094,489.25,476.0,485.3500061035156,1164900
2021-09-10,461.2158508300781,473.7200012207031,481.760009765625,465.9800109863281,480.8599853515625,1350300
2021-09-17,450.5159606933594,462.7300109863281,471.6700134277344,457.9100036621094,471.1000061035156,2037400
2021-09-24,434.3541259765625,446.1300048828125,466.0499877929688,445.7999877929688,462.5199890136719,1512500
2021-10-01,441.3835754394531,453.3500061035156,462.3900146484375,439.3999938964844,448.80999755859375,2221000
2021-10-08,451.1445617675781,462.7900085449219,463.1600036621094,448.4700012207031,454.0499877929688,1640200
2021-10-15,469.1302795410156,481.239990234375,481.4599914550781,463.7099914550781,464.2999877929688,1577400
2021-10-22,474.3163757324219,486.55999755859375,505.0,478.6400146484375,490.0,1937600
2021-10-29,475.37896728515625,487.6499938964844,490.6700134277344,469.4400024414063,486.0,1759500
2021-11-05,467.278076171875,479.3399963378906,491.8599853515625,477.0899963378906,487.9700012207031,1547600
2021-11-12,474.4138793945313,486.6600036621094,494.8399963378906,478.1400146484375,482.6000061035156,1608300
2021-11-19,472.6689758300781,484.8699951171875,501.5400085449219,476.9700012207031,488.7999877929688,1768500
2021-11-26,455.5117492675781,467.2699890136719,485.0899963378906,459.5799865722656,480.2999877929688,2136400
2021-12-03,456.0480041503906,467.8200073242188,478.6099853515625,459.7799987792969,468.3299865722656,1909600
2021-12-10,474.6966552734375,486.9500122070313,488.4500122070313,461.6099853515625,469.9599914550781,2116900
2021-12-17,466.2934875488281,478.3299865722656,487.8599853515625,461.510009765625,486.7200012207031,2352700
2021-12-24,476.85101318359375,489.1600036621094,494.3200073242188,479.2300109863281,481.0,1235400
2021-12-31,459.6354064941406,471.5,494.0400085449219,463.4100036621094,488.25,2073400
2022-01-07,444.2718811035156,455.739990234375,473.2200012207031,445.1400146484375,469.1799926757813,2276500
2022-01-14,429.2390441894531,439.739990234375,454.2099914550781,436.5,452.5700073242188,2462400
2022-01-21,413.3672790527344,423.4800109863281,444.9599914550781,419.3900146484375,440.8399963378906,3338400
2022-01-28,450.4402770996094,461.4599914550781,464.5199890136719,417.5400085449219,423.7300109863281,4013600
2022-02-04,431.74755859375,442.30999755859375,457.9100036621094,437.1300048828125,457.9100036621094,2234400
2022-02-11,427.7260437011719,438.1900024414063,449.239990234375,434.3500061035156,442.8399963378906,2302100
2022-02-18,433.4558715820313,444.05999755859375,444.5499877929688,420.0299987792969,439.30999755859375,2300000
2022-02-25,439.1661071777344,449.9100036621094,456.510009765625,438.5799865722656,442.7999877929688,2643200
2022-03-04,425.9689331054688,436.3900146484375,457.1300048828125,434.1400146484375,447.6000061035156,2552600
2022-03-11,450.9479064941406,461.9800109863281,461.9800109863281,430.6099853515625,438.5499877929688,1892200
2022-03-18,450.4305419921875,461.4500122070313,468.7799987792969,455.9599914550781,460.0,2075100
2022-03-25,460.9531555175781,472.2300109863281,480.6300048828125,459.3800048828125,462.739990234375,1748700
2022-04-01,473.681640625,485.2699890136719,488.2300109863281,470.8800048828125,472.4400024414063,2596000
2022-04-08,450.7333679199219,461.1600036621094,486.7200012207031,460.8200073242188,485.1000061035156,2154700
2022-04-15,458.6697998046875,469.2799987792969,477.0899963378906,453.3399963378906,459.8299865722656,1805800
2022-04-22,472.4607849121094,483.3900146484375,487.4700012207031,447.1199951171875,467.6199951171875,4011700
2022-04-29,433.47265625,443.5,481.6600036621094,440.3699951171875,478.489990234375,5975600
2022-05-06,419.1441040039063,428.8399963378906,441.8900146484375,422.1300048828125,440.010009765625,3247400
2022-05-13,403.8381958007813,413.1799926757813,439.0,402.05999755859375,431.2000122070313,2936900
2022-05-20,422.7408447265625,432.5199890136719,434.6300048828125,410.6400146484375,416.7999877929688,2740200
2022-05-27,431.4592590332031,441.4400024414063,445.6499938964844,429.5299987792969,437.05999755859375,3657000
2022-06-03,397.0453796386719,406.2300109863281,439.2200012207031,405.8299865722656,439.1000061035156,2613400
2022-06-10,363.8726806640625,372.2900085449219,400.2300109863281,371.5899963378906,400.1600036621094,4511700
2022-06-17,385.3655395507813,394.2799987792969,394.5499877929688,369.510009765625,372.0,3552300
2022-06-24,385.7271423339844,394.6499938964844,408.9100036621094,387.1199951171875,397.6499938964844,2811600
2022-07-01,393.2921142578125,402.3900146484375,408.7999877929688,391.2999877929688,394.8399963378906,2043500
2022-07-08,379.9464111328125,388.1400146484375,404.7999877929688,380.1799926757813,399.3399963378906,2137200
2022-07-15,404.017333984375,412.7300109863281,414.7200012207031,390.6799926757813,395.2200012207031,2181500
2022-07-22,426.49261474609375,435.6900024414063,437.2699890136719,406.0499877929688,414.0,2445700
2022-07-29,421.7547302246094,430.8500061035156,438.7699890136719,424.2799987792969,434.75,2090600
2022-08-05,424.5446166992188,433.7000122070313,443.3200073242188,426.2099914550781,427.2300109863281,1696100
2022-08-12,424.5935363769531,433.75,441.5199890136719,430.1499938964844,435.5400085449219,1517700
2022-08-19,415.65625,424.6199951171875,433.4800109863281,412.8900146484375,431.8699951171875,2304800
2022-08-26,396.5972595214844,405.1499938964844,429.0,398.3900146484375,426.9100036621094,2380700
2022-09-02,399.4654541015625,408.0799865722656,410.3999938964844,395.1000061035156,409.8599853515625,1496800
2022-09-09,375.8937683105469,384.0,413.739990234375,383.8999938964844,409.2000122070313,3174400
2022-09-16,367.6416931152344,375.5700073242188,385.2000122070313,370.4500122070313,380.6799926757813,3265300
2022-09-23,359.00799560546875,366.75,381.5799865722656,363.7200012207031,373.7099914550781,3097700
2022-09-30,372.3011779785156,380.3299865722656,384.3999938964844,359.2200012207031,365.8399963378906,2672900
2022-10-07,363.2715148925781,370.5,377.9200134277344,356.2200012207031,376.7699890136719,2719400
2022-10-14,360.2418518066406,367.4100036621094,380.8800048828125,362.7200012207031,374.4100036621094,1983700
2022-10-21,392.5587158203125,400.3699951171875,402.4800109863281,365.1099853515625,367.0,5411600
2022-10-28,389.9605102539063,397.7200012207031,418.2200012207031,393.989990234375,400.8999938964844,3242000
2022-11-04,429.876220703125,438.4299926757813,438.4299926757813,388.6600036621094,403.0,3652800
2022-11-11,421.2380981445313,429.6199951171875,442.760009765625,422.6099853515625,438.0,2533300
2022-11-18,425.1600341796875,433.6199951171875,438.3599853515625,422.2900085449219,427.989990234375,2016100
2022-11-25,436.0533447265625,444.7300109863281,446.2999877929688,420.6900024414063,433.4100036621094,2143800
2022-12-02,425.1698303222656,433.6300048828125,445.55999755859375,430.9299926757813,437.6199951171875,1357600
2022-12-09,421.2185363769531,429.6000061035156,451.25,426.9599914550781,432.4500122070313,1848600
2022-12-16,420.1497192382813,428.510009765625,432.8200073242188,420.7000122070313,426.1499938964844,1859200
2022-12-23,428.3466491699219,436.8699951171875,437.8200073242188,425.2000122070313,427.0400085449219,905900
2022-12-30,427.4151306152344,435.9200134277344,445.2799987792969,428.30999755859375,434.4100036621094,1232600
2023-01-06,442.426513671875,451.2300109863281,453.4299926757813,436.8299865722656,439.9299926757813,1957900
2023-01-13,424.4131164550781,432.1799926757813,452.1799926757813,432.1799926757813,447.6499938964844,1772500
2023-01-20,436.4626770019531,444.4500122070313,448.9400024414063,427.7300109863281,432.2999877929688,2428500
2023-01-27,424.77642822265625,432.5499877929688,442.4400024414063,420.0899963378906,438.3299865722656,4046700
2023-02-03,420.9563903808594,428.6600036621094,435.9599914550781,425.5299987792969,429.1099853515625,2431400
2023-02-10,415.3686218261719,422.9700012207031,432.3299865722656,417.760009765625,427.75,2527900
2023-02-17,423.2936096191406,431.0400085449219,432.1000061035156,419.0799865722656,423.2000122070313,2218300
2023-02-24,418.9825744628906,426.6499938964844,433.5799865722656,419.1199951171875,425.2000122070313,2245800
2023-03-03,415.2016906738281,422.7999877929688,433.7999877929688,421.6099853515625,426.2799987792969,2021400
2023-03-10,420.720703125,428.4200134277344,430.6099853515625,416.7799987792969,422.5700073242188,3959500
2023-03-17,417.4112548828125,425.0499877929688,438.0199890136719,422.5400085449219,432.05999755859375,4859000
2023-03-24,429.1465148925781,437.0,438.989990234375,423.9599914550781,425.1600036621094,2723600
2023-03-31,427.8698425292969,435.7000122070313,444.5799865722656,433.25,439.010009765625,2971200
2023-04-07,435.2377014160156,442.510009765625,445.5700073242188,431.1000061035156,433.8599853515625,2159300
2023-04-14,435.9065551757813,443.1900024414063,446.0899963378906,438.0700073242188,441.9599914550781,2053200
2023-04-21,445.5356750488281,452.9800109863281,454.1400146484375,430.0299987792969,445.6199951171875,2977400
2023-04-28,446.0274353027344,453.4800109863281,463.7000122070313,451.6099853515625,452.0,2477100
2023-05-05,450.9255676269531,458.4599914550781,461.55999755859375,454.9800109863281,455.9100036621094,1728000
2023-05-12,450.9747314453125,458.510009765625,463.8999938964844,452.3900146484375,458.6400146484375,2036800
2023-05-19,442.0538635253906,449.4400024414063,461.0,441.05999755859375,459.8500061035156,2278400
2023-05-26,445.3585510253906,452.7999877929688,456.6799926757813,445.5400085449219,451.6199951171875,4110700
2023-06-02,444.7881164550781,452.2200012207031,461.25,447.9500122070313,455.0400085449219,2196500
2023-06-09,453.5614929199219,461.1400146484375,462.7300109863281,448.1300048828125,451.989990234375,2029100
2023-06-16,454.4270935058594,462.0199890136719,464.0199890136719,453.1700134277344,463.3999938964844,2404100
2023-06-23,468.3052062988281,476.1300048828125,476.6000061035156,457.4400024414063,460.9100036621094,2576200
2023-06-30,469.1608581542969,477.0,482.75,471.9299926757813,478.0299987792969,1723400
2023-07-07,470.9804992675781,478.8500061035156,482.1000061035156,472.5799865722656,472.5799865722656,2019300
2023-07-14,474.3546752929688,481.5899963378906,486.4599914550781,472.1799926757813,477.9800109863281,2635600
2023-07-21,483.81048583984375,491.1900024414063,502.1300048828125,487.0199890136719,500.0,3175300
2023-07-28,483.59375,490.9700012207031,495.6000061035156,488.3200073242188,494.5299987792969,1615200
2023-08-04,480.648681640625,487.9800109863281,494.9500122070313,486.1799926757813,494.3399963378906,1507500
2023-08-11,479.4174499511719,486.7300109863281,497.8699951171875,486.1700134277344,487.5799865722656,1776300
2023-08-18,481.36767578125,488.7099914550781,498.4200134277344,482.0899963378906,483.8399963378906,1283700
2023-08-25,491.5621948242188,499.05999755859375,504.7300109863281,489.9200134277344,490.8200073242188,1309800
2023-09-01,486.9130859375,494.3399963378906,502.3599853515625,491.1400146484375,500.3699951171875,1066400
2023-09-08,491.9167785644531,499.4200134277344,500.5700073242188,489.9299926757813,495.4299926757813,1658300
2023-09-15,488.1837768554688,495.6300048828125,508.8999938964844,493.3999938964844,499.6400146484375,2199500
2023-09-22,480.1660461425781,487.489990234375,499.1700134277344,482.3699951171875,493.5899963378906,2151200
2023-09-29,481.8306579589844,489.1799926757813,491.6400146484375,479.3299865722656,489.510009765625,1867000
2023-10-06,495.44671630859375,502.2999877929688,505.510009765625,483.8800048828125,488.05999755859375,1614200
2023-10-13,480.8782043457031,487.5299987792969,505.5299987792969,487.4599914550781,502.1000061035156,1710300
2023-10-20,473.8258056640625,480.3800048828125,505.4200134277344,477.6199951171875,490.0,2999200
2023-10-27,487.3092346191406,494.0499877929688,495.0,474.4599914550781,478.7099914550781,3129100
2023-11-03,502.7851867675781,509.739990234375,513.4500122070312,495.3299865722656,495.3299865722656,2386400
2023-11-10,517.9356079101562,525.0999755859375,528.4400024414062,510.2999877929688,511.4100036621094,2388200
2023-11-17,521.2694702148438,528.47998046875,531.75,521.0,528.010009765625,1454700
2023-11-24,530.9063110351562,538.25,539.3300170898438,523.5399780273438,527.27001953125,3123600
2023-12-01,527.5032958984375,534.7999877929688,542.0399780273438,531.989990234375,538.25,2151300
2023-12-08,531.4783935546875,538.8300170898438,551.9099731445312,531.7100219726562,533.4500122070312,3356700
2023-12-15,532.92822265625,540.2999877929688,544.97998046875,532.969970703125,535.760009765625,10275400
2023-12-22,538.6985473632812,546.1500244140625,547.3800048828125,541.3499755859375,543.1500244140625,1671600
2023-12-29,517.0183715820312,524.1699829101562,548.8499755859375,523.510009765625,546.4199829101562,2106800
2024-01-05,525.1360473632812,532.4000244140625,533.030029296875,521.7000122070312,525.0,2063900
2024-01-12,535.3134765625,541.9400024414062,542.219970703125,531.0599975585938,535.8800048828125,1716200
2024-01-19,544.9542846679688,551.7000122070312,554.22998046875,541.3200073242188,543.2999877929688,2418600
2024-01-26,539.1361083984375,545.8099975585938,562.6900024414062,525.1799926757812,552.9400024414062,3015700
2024-02-02,538.671875,545.3400268554688,553.0800170898438,538.5399780273438,544.0999755859375,2096200
2024-02-09,541.2796020507812,547.97998046875,550.77001953125,532.030029296875,548.489990234375,2046800
2024-02-16,548.5199584960938,555.3099975585938,558.6599731445312,539.8099975585938,549.9500122070312,1984700
2024-02-23,538.0692138671875,544.72998046875,559.969970703125,539.260009765625,559.1599731445312,3959700
2024-03-01,539.6399536132812,546.3200073242188,552.0599975585938,534.72998046875,541.0700073242188,2478000
2024-03-08,540.390625,547.0800170898438,558.260009765625,542.9000244140625,546.1699829101562,2112300
2024-03-15,549.4781494140625,556.280029296875,558.6300048828125,542.2899780273438,544.4199829101562,2435500
2024-03-22,553.9823608398438,560.8400268554688,563.1500244140625,547.8099975585938,558.969970703125,2076600
2024-03-29,530.71044921875,537.280029296875,565.0,537.1099853515625,562.3499755859375,2422500
2024-04-05,533.7765502929688,539.6400146484375,546.8599853515625,534.489990234375,537.52001953125,1906200
2024-04-12,521.541015625,527.27001953125,544.9099731445312,525.6699829101562,534.3800048828125,2721100
2024-04-19,534.5381469726562,540.4099731445312,543.6500244140625,529.5499877929688,530.0700073242188,2926900
2024-04-26,505.2697143554688,510.8200073242188,540.2899780273438,508.2200012207031,530.3800048828125,3917800
2024-05-03,517.643798828125,523.3300170898438,528.25,511.5,512.969970703125,2804000
2024-05-10,532.9456176757812,538.7999877929688,539.5499877929688,517.27001953125,522.02001953125,2529500
2024-05-17,538.7025146484375,544.6199951171875,549.9000244140625,537.1699829101562,538.7999877929688,2987700
2024-05-24,520.8585205078125,526.5800170898438,547.8699951171875,524.3200073242188,544.2100219726562,1916500
2024-05-31,544.3800048828125,550.3599853515625,553.6500244140625,524.530029296875,528.4099731445312,2591600
2024-06-07,541.2247314453125,547.1699829101562,559.0800170898438,546.3200073242188,552.0399780273438,2032600
2024-06-14,553.1436767578125,559.219970703125,563.9199829101562,547.4199829101562,548.0399780273438,2108300
2024-06-21,555.952880859375,562.0599975585938,568.6799926757812,556.6400146484375,564.8800048828125,2756900
2024-06-28,554.3604125976562,560.4500122070312,569.5,559.030029296875,561.969970703125,1891800
2024-07-05,549.8895263671875,555.9299926757812,563.0599975585938,549.239990234375,558.3200073242188,1868800
2024-07-12,565.7379760742188,571.1900024414062,574.2899780273438,554.2899780273438,558.9600219726562,2386600
2024-07-19,535.7272338867188,540.8900146484375,579.0999755859375,520.4400024414062,572.75,4554200
2024-07-26,539.2037353515625,544.4000244140625,555.9500122070312,537.8499755859375,550.6500244140625,2507000
2024-08-02,518.0277709960938,523.02001953125,571.1900024414062,514.7899780273438,546.9000244140625,3084300
2024-08-09,541.3529052734375,546.5700073242188,549.0700073242188,517.969970703125,521.22998046875,1868200
2024-08-16,540.7587280273438,545.969970703125,554.5,544.8300170898438,548.4500122070312,1711300
2024-08-23,548.5337524414062,553.8200073242188,560.0,542.77001953125,550.1599731445312,1646600
2024-08-30,549.6133422851562,554.9099731445312,559.5900268554688,549.030029296875,557.3800048828125,1547700
2024-09-06,546.0477905273438,551.3099975585938,557.8900146484375,537.9299926757812,555.3099975585938,1773500
2024-09-13,555.5065307617188,560.8599853515625,561.77001953125,546.219970703125,551.8699951171875,1639300
2024-09-20,547.2263793945312,552.5,562.1400146484375,547.2999877929688,554.6099853515625,3031000
2024-09-27,543.6904907226562,548.9299926757812,558.0499877929688,545.0399780273438,553.1300048828125,2340100
2024-10-04,534.3009033203125,539.4500122070312,552.0499877929688,535.6599731445312,552.0499877929688,2103900
2024-10-11,559.1387329101562,563.739990234375,566.469970703125,539.219970703125,540.260009765625,2273800
2024-10-18,537.67529296875,542.0999755859375,565.780029296875,535.0,563.739990234375,2350100
2024-10-25,533.3410034179688,537.72998046875,553.0800170898438,537.510009765625,546.5999755859375,2436200
2024-11-01,567.5891723632812,572.260009765625,573.719970703125,533.3099975585938,536.5999755859375,2607800
2024-11-08,560.160400390625,564.77001953125,575.0,559.7100219726562,575.0,2241400
2024-11-15,549.736083984375,554.260009765625,565.1699829101562,542.1900024414062,562.780029296875,2401200
2024-11-22,559.7437744140625,564.3499755859375,565.4600219726562,553.8200073242188,555.5499877929688,1500700
2024-11-29,553.346435546875,557.9000244140625,580.0900268554688,550.4199829101562,563.3900146484375,2921200
2024-12-06,543.5570068359375,548.030029296875,560.0,540.9099731445312,557.0,2481200
2024-12-13,517.491455078125,521.75,545.8599853515625,521.4500122070312,543.6500244140625,3760900
2024-12-20,522.9366455078125,527.239990234375,530.5399780273438,518.5,519.6400146484375,2829700
2024-12-27,509.5963745117188,513.7899780273438,527.5900268554688,513.6199951171875,525.0599975585938,1884900
2025-01-03,506.1349182128906,510.2999877929688,520.6599731445312,504.30999755859375,520.6599731445312,3030100
2025-01-10,515.6911010742188,519.0999755859375,521.010009765625,499.4700012207031,507.4700012207031,3304600
2025-01-17,529.73828125,533.239990234375,535.9299926757812,520.0700073242188,529.0599975585938,2318900
2025-01-24,566.8529052734375,570.5999755859375,584.3099975585938,527.2000122070312,532.4600219726562,3664900
2025-01-31,579.5887451171875,583.4199829101562,583.77001953125,569.6799926757812,572.0,4018200
2025-02-07,569.664306640625,573.4299926757812,584.4299926757812,565.280029296875,583.4500122070312,2707500
2025-02-14,577.6018676757812,581.4199829101562,581.8800048828125,568.1400146484375,575.0,1856700
2025-02-21,568.740478515625,572.5,593.9099731445312,571.97998046875,579.3900146484375,3325500
2025-02-28,584.4267578125,588.2899780273438,595.1699829101562,573.6599731445312,579.0499877929688,3690600
2025-03-07,559.1836547851562,562.8800048828125,591.1599731445312,559.5999755859375,585.6199951171875,2876400
2025-03-14,571.6710815429688,575.4500122070312,580.3300170898438,565.719970703125,566.3099975585938,2315700
2025-03-21,588.6588134765625,592.5499877929688,594.25,564.260009765625,569.9199829101562,3147900
2025-03-28,575.8931884765625,579.7000122070312,593.0,576.8099975585938,589.3599853515625,3715900
2025-04-04,545.9908447265625,549.5999755859375,578.3400268554688,513.8699951171875,576.780029296875,5685300
2025-04-11,554.36962890625,557.239990234375,571.6799926757812,543.3200073242188,548.75,2366500
2025-04-18,556.777099609375,559.6599731445312,564.1199951171875,534.9099731445312,550.4199829101562,2187900
2025-04-25,554.7178955078125,557.5900268554688,564.2100219726562,535.530029296875,559.239990234375,3454000
2025-05-02,572.0181884765625,574.97998046875,582.1699829101562,560.9400024414062,562.0999755859375,2669900
2025-05-09,571.4412841796875,574.4000244140625,582.5700073242188,563.489990234375,574.5399780273438,2777600
2025-05-16,566.138671875,569.0700073242188,584.030029296875,568.4500122070312,579.010009765625,2383800
2025-05-23,561.3634643554688,564.27001953125,576.5499877929688,562.5399780273438,564.4299926757812,1951700
2025-05-30,566.5564575195312,569.489990234375,572.7000122070312,561.8400268554688,564.9500122070312,2920900
2025-06-06,569.0834350585938,572.030029296875,576.489990234375,562.72998046875,572.7899780273438,1720500
2025-06-13,552.8872680664062,555.75,570.8400268554688,555.0399780273438,566.6799926757812,1711400
2025-06-20,562.3980712890625,565.3099975585938,573.0999755859375,557.780029296875,558.97998046875,2963800
2025-06-27,570.0484619140625,573.0,574.9500122070312,560.6500244140625,565.3099975585938,2831300
2025-07-04,546.9678955078125,549.7999877929688,575.77001953125,544.6699829101562,573.0,3157700
2025-07-11,544.3291015625,546.3499755859375,551.969970703125,541.2000122070312,549.8300170898438,3088400
2025-07-18,558.2972412109375,560.3699951171875,566.239990234375,535.7000122070312,549.52001953125,3798700
2025-07-25,548.3641357421875,550.4000244140625,564.6799926757812,549.0,560.7000122070312,2788600
2025-08-01,534.7247924804688,536.7100219726562,551.1099853515625,535.3200073242188,551.0999755859375,2556600
2025-08-08,523.0182495117188,524.9600219726562,538.8300170898438,514.0499877929688,536.7100219726562,3704300
2025-08-15,524.9909057617188,526.9400024414062,544.9400024414062,523.1900024414062,523.6300048828125,4724800
2025-08-22,524.6422729492188,526.5900268554688,538.2100219726562,522.3400268554688,529.75,3447700
2025-08-29,525.1702270507812,527.1199951171875,532.1799926757812,516.25,529.5,2707800
2025-09-05,515.46630859375,517.3800048828125,530.0,509.1300048828125,530.0,4723300
2025-09-12,507.1272277832031,509.010009765625,517.4400024414062,499.0,515.5800170898438,4853900
2025-09-19,493.1989440917969,495.0299987792969,510.4599914550781,492.25,508.510009765625,4916100
2025-09-26,495.7494812011719,497.5899963378906,504.0,494.0799865722656,495.2200012207031,3945100
2025-10-03,516.1536865234375,518.0700073242188,521.280029296875,497.1199951171875,497.2699890136719,5595200
2025-10-10,499.05767822265625,500.0799865722656,520.8499755859375,497.5700073242188,520.719970703125,4629300
2025-10-17,478.9787902832031,479.9599914550781,519.0999755859375,456.989990234375,500.0400085449219,5603900
2025-10-24,442.4935302734375,443.3999938964844,483.3599853515625,442.6900024414063,482.5899963378906,7291700
2025-10-31,443.57135009765625,444.4800109863281,451.4500122070313,435.4200134277344,439.0799865722656,5865500
2025-11-07,446.8346557617188,447.75,455.7999877929688,441.0299987792969,444.9700012207031,4147300
2025-11-14,439.958740234375,440.8599853515625,451.0499877929688,437.3999938964844,446.8900146484375,4392900
2025-11-21,445.1680603027344,446.0799865722656,449.7900085449219,438.7300109863281,440.9400024414063,3826500
2025-11-28,443.8707275390625,444.7799987792969,449.7999877929688,439.9599914550781,447.9599914550781,3093900
2025-12-05,444.9285583496094,445.8399963378906,449.760009765625,439.25,444.0799865722656,4494200
2025-12-12,449.5890197753906,450.510009765625,454.80999755859375,439.8299865722656,445.8399963378906,9433900
2025-12-19,450.2576293945313,451.1799926757813,451.6900024414063,442.0,449.6300048828125,4528100
2025-12-26,444.2200317382813,445.1300048828125,452.7799987792969,444.5299987792969,450.55999755859375,1750300
2026-01-02,433.5818176269531,434.4700012207031,445.0,427.8900146484375,444.7300109863281,4525000
2026-01-09,414.25,414.25,437.1600036621094,412.3299865722656,433.4200134277344,4645300
2026-01-12,416.1400146484375,416.1400146484375,434.7900085449219,407.0299987792969,433.5700073242188,5454200
2026-01-16,407.4800109863281,407.4800109863281,416.739990234375,399.0899963378906,412.4100036621094,5622900
2026-01-19,407.6099853515625,407.6099853515625,414.3200073242188,399.0899963378906,412.4500122070313,5913800
2026-01-23,365.0,365.0,413.0,345.92999267578125,406.0199890136719,13742300
2026-01-26,371.2300109863281,371.2300109863281,413.0,345.92999267578125,409.489990234375,15102200
2026-01-30,351.0,351.0,375.55999755859375,343.9200134277344,362.2799987792969,14429600
2026-02-02,362.4200134277344,362.4200134277344,375.55999755859375,343.9200134277344,372.7900085449219,13302900
2026-02-06,319.82000732421875,319.82000732421875,363.5400085449219,317.6700134277344,353.4599914550781,10857400
2026-02-09,321.4100036621094,321.4100036621094,358.4800109863281,317.6700134277344,357.2099914550781,10552400
2026-02-13,332.0,332.0,335.0,313.07000732421875,319.8500061035156,7338300
2026-02-16,335.7900085449219,335.7900085449219,337.6300048828125,313.07000732421875,321.7200012207031,8180500
2026-02-20,352.1499938964844,352.1499938964844,354.6499938964844,329.82000732421875,330.260009765625,9668300
2026-02-23,349.7300109863281,349.7300109863281,354.6499938964844,329.82000732421875,334.92999267578125,8530000
2026-02-27,366.0199890136719,366.0199890136719,369.2699890136719,345.0,348.7900085449219,7149800
2026-03-02,367.5,367.5,369.2699890136719,346.5,348.0,7426400
2026-03-06,353.8699951171875,353.8699951171875,368.3699951171875,349.42999267578125,365.7099914550781,4194300
2026-03-09,351.0,351.0,365.7699890136719,346.1300048828125,363.7900085449219,6727200
2026-03-16,353.67999267578125,353.67999267578125,360.0,348.05999755859375,350.6700134277344,7717700
2026-03-23,344.4200134277344,344.4200134277344,356.82000732421875,340.4100036621094,354.8999938964844,7562516
