ticker,date,close,rsi14,macd_hist,macd_improving,macd_slope,macd_slope_cross_up,bullish_day,drawdown_20d,drawdown_entry_th,rsi_support_th,rsi_support_ok,buy_gate,signal_lane,strong_buy,primed,fwd_1y_return,window_score,window_open,window_close,window_days,selected
IQQY.DE,2011-03-17,16.979999542236328,31.117409741626645,-0.13567130996619173,True,0.010242681595409336,True,True,0.08216218690614442,0.03310814419308224,58.56577087568454,True,True,DRAWDOWN_MACD_TURN,True,False,0.011189666618365068,10.461233978328888,2011-03-17,2011-03-17,1,True
IQQY.DE,2011-08-22,14.279999732971191,26.039006404392055,-0.06569523043585324,True,0.003998326526082785,True,True,0.17978174278422945,0.035855508018208984,55.59652891416776,True,True,DRAWDOWN_MACD_TURN,True,False,0.21148456306455365,18.778638782299147,2011-08-22,2011-08-22,1,True
IQQY.DE,2011-09-26,14.020000457763672,42.30258764333792,0.0007183864854066746,True,0.0026227131748414734,True,True,0.07702430249771643,0.04079430770682106,54.51506109959484,True,True,DRAWDOWN_MACD_TURN,True,False,0.2460769431487686,8.931685435483523,2011-09-07,2011-09-26,3,True
IQQY.DE,2011-11-25,14.140000343322754,35.41483337640098,-0.14237059684448958,True,0.011533212384430863,True,True,0.088330100924689,0.04146135322138934,54.50178814095458,True,True,DRAWDOWN_MACD_TURN,True,False,0.20721352760681366,10.524924736335022,2011-11-25,2011-11-25,1,True
IQQY.DE,2012-04-16,16.25,39.41797334558689,-0.08346366488791196,True,0.008972333714480946,True,True,0.06394012507635986,0.03826345819875361,55.902681371727304,True,True,DRAWDOWN_MACD_TURN,True,False,0.12738459660456725,8.1734126715501,2012-04-12,2012-04-24,3,True
IQQY.DE,2012-05-21,15.399999618530272,32.05567549767396,-0.0715401966855469,True,0.004223957889600255,True,True,0.06496659012952263,0.03563986508084757,55.8689902325713,True,True,DRAWDOWN_MACD_TURN,True,False,0.2811688331794451,8.991759660594415,2012-05-21,2012-05-21,1,True
IQQY.DE,2012-06-06,15.460000038146973,45.106214385923295,0.0030267496785736925,True,0.024908329412648644,True,True,0.04034764416997779,0.0371124284160876,55.83509287672424,True,True,DRAWDOWN_MACD_TURN,True,False,0.20375165358551595,5.717190095005894,2012-06-06,2012-06-06,1,True
IQQY.DE,2012-07-26,16.260000228881836,49.533198675033326,-0.07880364087521285,True,0.003728890170774546,True,True,0.03843877140127525,0.03480903538827083,55.902681371727304,True,True,DRAWDOWN_MACD_TURN,True,False,0.1580565595724439,5.121781844598687,2012-07-26,2012-07-26,1,True
IQQY.DE,2013-04-19,18.1200008392334,40.350032433310474,-0.06581621741378194,True,0.00268324261231688,True,True,0.03974562621325612,0.029943595345183514,56.18199204994397,True,True,DRAWDOWN_MACD_TURN,True,False,0.15286967009501717,6.1446468537294425,2013-04-19,2013-04-19,1,True
IQQY.DE,2013-06-07,18.82999992370605,41.63905134977923,-0.1221942124479652,True,0.00783908618580749,True,True,0.04898986619852513,0.03177750501806565,57.23406660917032,True,True,DRAWDOWN_MACD_TURN,True,False,0.17790761524391963,6.755284160904087,2013-06-07,2013-06-07,1,True
IQQY.DE,2013-06-25,17.8700008392334,31.44208271142662,-0.11094455037371687,True,0.0076453532136150915,True,True,0.07743933582913387,0.03177750501806565,57.23406660917032,True,True,DRAWDOWN_MACD_TURN,True,False,0.2199215564220276,10.050938595188047,2013-06-25,2013-06-25,1,True
IQQY.DE,2013-12-16,19.709999084472656,40.51006924762084,-0.07348531322023272,True,0.01869727475168073,True,True,0.03524234997298156,0.0215169056275652,59.744231248827006,True,True,DRAWDOWN_MACD_TURN,True,False,0.04769155645461942,5.7683810730764415,2013-12-09,2013-12-16,2,True
IQQY.DE,2014-03-17,20.40999984741211,41.444846232370416,-0.1050694200032613,True,0.007623871866084014,True,True,0.03907720963512797,0.02475825593983453,59.22200018625042,True,True,DRAWDOWN_MACD_TURN,True,False,0.2248897690790468,5.981692147573196,2014-03-17,2014-03-25,2,True
IQQY.DE,2014-08-11,20.709999084472656,34.96028916076766,-0.07912960891231696,True,0.01995404010441404,True,True,0.053040773216605115,0.0199860133328178,59.94968708064622,True,True,DRAWDOWN_MACD_TURN,True,False,0.15596337964141482,7.747232941251644,2014-07-14,2014-08-11,5,True
IQQY.DE,2014-10-17,20.11000061035156,35.466897167412114,-0.14542978335536305,True,0.04019149597928845,True,True,0.08507729621610849,0.021724518882914358,59.68659633557374,True,True,DRAWDOWN_MACD_TURN,True,False,0.1322724896409444,10.25949398054747,2014-10-17,2014-10-17,1,True
IQQY.DE,2014-12-16,20.64999961853028,39.44040773460839,-0.18135470024883255,True,0.0011757653634491272,True,True,0.06349204838870091,0.021717622153785615,59.67825169109255,True,True,DRAWDOWN_MACD_TURN,True,False,0.08426149168335928,8.135323097635235,2014-12-16,2014-12-16,1,True
IQQY.DE,2015-06-16,24.350000381469727,39.79506594723369,-0.07617775968779389,True,0.004180325893667236,True,True,0.05693258445890543,0.02522875524670757,59.687404678886764,True,True,DRAWDOWN_MACD_TURN,True,False,-0.16098562689457097,7.575100161989066,2015-06-10,2015-06-16,2,True
IQQY.DE,2015-08-25,22.170000076293945,31.964837833752455,-0.30055379370551144,True,0.008259368710502979,True,True,0.12093573830692012,0.029514444594166862,59.39530262866288,True,True,DRAWDOWN_MACD_TURN,True,False,-0.043752788002544896,13.478375281178362,2015-08-03,2015-08-27,5,True
IQQY.DE,2015-09-15,22.21999931335449,42.713639772617746,0.0679800095533396,True,0.00836895140275784,True,True,0.06638655354432685,0.03222931173451166,59.312811408517945,True,True,DRAWDOWN_MACD_TURN,True,False,-0.039603923850605516,8.039560306284374,2015-09-15,2015-09-30,3,True
IQQY.DE,2015-12-15,22.34000015258789,39.2676295671492,-0.18834116112910582,True,0.03180143088846504,True,True,0.06877864252907276,0.03347495687809914,58.17964335971495,True,True,DRAWDOWN_MACD_TURN,True,False,0.0,8.5755284456109,2015-12-15,2015-12-15,1,True
IQQY.DE,2016-01-21,20.43000030517578,35.34887033121473,-0.11307533866697062,True,0.026897670622406555,True,True,0.11173911716627039,0.03669834527115242,57.39681398719508,True,True,DRAWDOWN_MACD_TURN,True,False,0.11062164440150712,12.404242340180158,2016-01-12,2016-01-29,4,True
IQQY.DE,2016-02-12,19.3799991607666,37.23628513486395,-0.11384252521356242,True,0.023024551828649653,True,True,0.08885760490462091,0.039161015429957514,57.245106998742386,True,True,DRAWDOWN_MACD_TURN,True,False,0.17131071960487776,10.38497987888328,2016-02-12,2016-02-12,1,True
IQQY.DE,2016-05-13,20.799999237060547,41.98215502912096,-0.08826457862963373,True,0.0036595408386581735,True,True,0.05325444300686691,0.042806292226236206,55.99877259871199,True,True,DRAWDOWN_MACD_TURN,True,False,0.19999999999999996,7.062139937637258,2016-05-09,2016-05-13,2,True
IQQY.DE,2016-06-17,20.36000061035156,38.25327823077861,-0.14866165789226574,True,0.02092211605439423,True,True,0.06861847932838995,0.0445986070802535,54.83443149198904,True,True,DRAWDOWN_MACD_TURN,True,False,0.2003929175538275,8.664150523193335,2016-06-17,2016-07-08,3,True
IQQY.DE,2017-08-30,23.1299991607666,38.43485790101876,-0.02269671932240014,True,0.005288206634095682,True,True,0.04024901267009731,0.02609037347909757,54.92936529440258,True,True,DRAWDOWN_MACD_TURN,True,False,0.04020753735059612,6.376435223505908,2017-08-15,2017-08-30,3,True
IQQY.DE,2017-11-16,23.989999771118164,36.52517550112051,-0.1052954412265009,True,0.0008886865427971263,True,True,0.033440770906985016,0.024740564017135522,55.86207200106277,True,True,DRAWDOWN_MACD_TURN,True,False,-0.05210504426535634,6.022744122446749,2017-11-16,2017-11-16,1,True
IQQY.DE,2018-02-12,23.2450008392334,32.806820830513175,-0.1933747111830138,True,0.018655928991251514,True,True,0.07371980572785272,0.020623655039518594,56.51042459287179,True,True,DRAWDOWN_MACD_TURN,True,False,-0.023661050744333667,9.6169023751769,2018-02-07,2018-02-12,2,True
IQQY.DE,2018-09-10,23.38500022888184,32.7635271725279,-0.06379463349311765,True,0.006745622018169084,True,True,0.03567009365435714,0.021047789720611526,56.14023205276309,True,True,DRAWDOWN_MACD_TURN,True,False,0.042121043434287575,6.577254775095781,2018-09-10,2018-09-10,1,True
IQQY.DE,2018-10-25,22.270000457763672,29.962116307081843,-0.06499533271417257,True,0.011567182144356924,True,True,0.07708241888491794,0.021977981883836335,56.25092828466553,True,True,DRAWDOWN_MACD_TURN,True,False,0.11899414297526167,10.170381880085252,2018-10-16,2018-10-25,2,True
IQQY.DE,2018-12-28,21.059999465942383,37.5792199002827,-0.0651228900583889,True,0.01673992771366145,True,True,0.06958253797275359,0.02535826752873317,54.732894900496355,True,True,DRAWDOWN_MACD_TURN,True,False,0.23931628885736145,8.808681047792016,2018-12-11,2018-12-28,3,True
IQQY.DE,2019-05-30,23.46500015258789,39.19040359225287,-0.052619676483337485,True,0.005231976537808741,True,True,0.04980763544994583,0.02828566036052674,53.83351347020964,True,True,DRAWDOWN_MACD_TURN,True,False,-0.05433622886167577,7.065570476770379,2019-05-14,2019-06-03,5,True
IQQY.DE,2019-08-08,23.614999771118164,40.056228655967374,-0.14721743131033088,True,0.030652782074332308,True,True,0.04373354675247921,0.028903325840332474,55.588823353537286,True,True,DRAWDOWN_MACD_TURN,True,False,-0.04742743776159408,6.493060874601599,2019-08-08,2019-08-08,1,True
IQQY.DE,2019-08-26,23.19499969482422,40.76906632693398,0.007369674478824084,True,0.005097873735053271,True,True,0.052298290774067134,0.029062513534010466,55.588823353537286,True,True,DRAWDOWN_MACD_TURN,True,False,-0.013149398973427706,7.106956629231973,2019-08-26,2019-08-26,1,True
IQQY.DE,2019-10-09,23.799999237060547,44.27231859856114,-0.09778282675907776,True,0.004360429587913411,True,True,0.031536175048574325,0.02905356736353737,55.225565970943805,True,True,DRAWDOWN_MACD_TURN,True,False,-0.05042012159908904,5.095662144029832,2019-10-09,2019-10-09,1,True
IQQY.DE,2020-03-03,23.645000457763672,25.857347458328476,-0.3628939683426431,True,0.021888848249232318,True,True,0.1200223401839587,0.026459020720598816,57.46329104353163,True,True,DRAWDOWN_MACD_TURN,True,False,0.07105097367947666,14.016052468883846,2020-03-03,2020-03-03,1,True
IQQY.DE,2020-03-17,18.05599975585937,17.777369500218526,-0.5856291411209964,True,0.05385143620660493,True,True,0.328023848458707,0.027276724475933305,57.46329104353163,True,True,DRAWDOWN_MACD_TURN,True,False,0.45214885178793884,31.46417092667471,2020-03-17,2020-03-17,1,True
IQQY.DE,2020-04-06,20.040000915527344,46.99149905221063,0.35921047216170665,True,0.028549940879734947,True,True,0.03676997733367608,0.0289107153277801,57.46329104353163,True,True,DRAWDOWN_MACD_TURN,True,False,0.33433126494517995,5.242448281473024,2020-04-06,2020-04-06,1,True
IQQY.DE,2020-11-02,21.424999237060547,38.44936048451836,-0.13017125792882833,True,0.030435966937565145,True,True,0.0635926563406965,0.030193523554696514,56.84016588377705,True,True,DRAWDOWN_MACD_TURN,True,False,0.3652275865384358,8.242476458803885,2020-11-02,2020-11-02,1,True
IQQY.DE,2021-02-01,24.559999465942383,46.65068598306406,-0.11857883811464379,True,0.0017729553050393754,True,True,0.028673141619335603,0.02566850671529922,59.311746180133234,True,True,DRAWDOWN_MACD_TURN,True,False,0.17732090978357262,4.628782731240443,2021-02-01,2021-02-01,1,True
IQQY.DE,2021-09-21,28.114999771118164,39.989431493742806,-0.0988599088873435,True,0.007240768185158147,True,True,0.0326853860479468,0.019655678693759462,58.88466499075931,True,True,DRAWDOWN_MACD_TURN,True,False,-0.07576024108507018,5.615887734461463,2021-09-21,2021-09-21,1,True
IQQY.DE,2021-10-05,28.049999237060547,45.040482700653094,-0.037074156206660436,True,0.0222401318831702,True,True,0.02025846806523359,0.020041459974283832,58.4096407570097,True,True,DRAWDOWN_MACD_TURN,True,False,-0.1320855623700301,4.116629175153378,2021-10-05,2021-10-05,1,True
IQQY.DE,2021-12-01,28.88500022888184,43.95721008186687,-0.17765080424901386,True,0.02798394873105936,True,True,0.03764781555039162,0.020218107998918076,58.50844542903363,True,True,DRAWDOWN_MACD_TURN,True,False,-0.05262248384003265,5.616104235844643,2021-12-01,2021-12-01,1,True
IQQY.DE,2022-03-09,27.0049991607666,42.2862584451772,-0.15925776956933357,True,0.08668224317117468,True,True,0.07690993213281093,0.024966005407963666,57.3745659933671,True,True,DRAWDOWN_MACD_TURN,True,False,0.052582859486141054,8.924168726107155,2022-01-26,2022-03-09,6,True
IQQY.DE,2022-06-20,25.475000381469727,35.16065146986507,-0.20764313145190855,True,0.027557940949440585,True,True,0.08593471064386052,0.024115937852445934,56.982618805696475,True,True,DRAWDOWN_MACD_TURN,True,False,0.14013737551976657,10.358711704522333,2022-06-20,2022-06-20,1,True
IQQY.DE,2022-07-04,25.64999961853028,42.261495201694366,0.04453530282439372,True,0.007165524360820019,True,True,0.07384004689756751,0.025673959553797098,56.68191946637641,True,True,DRAWDOWN_MACD_TURN,True,False,0.10935673867025564,8.681054231635965,2022-07-04,2022-07-06,2,True
IQQY.DE,2022-09-30,24.21500015258789,31.73483209709248,-0.11111418641661042,True,0.02501301189608096,True,True,0.08983271681152384,0.02615154422277941,57.3745659933671,True,True,DRAWDOWN_MACD_TURN,True,False,0.16043775364034607,11.01313413521266,2022-09-21,2022-09-30,3,True
IQQY.DE,2023-03-16,27.55500030517578,38.7862778369509,-0.1663264993936276,True,0.0014896084711735202,True,True,0.045879463091911286,0.030364685884785324,57.10083008795869,True,True,DRAWDOWN_MACD_TURN,True,False,0.14425695291039742,6.791729263657812,2023-03-16,2023-03-27,3,True
IQQY.DE,2023-08-22,28.13500022888184,37.705803297854146,-0.11913542476266194,True,0.014090554702445593,True,True,0.049653752274418934,0.0331924120145434,54.947166953796284,True,True,DRAWDOWN_MACD_TURN,True,False,0.1307979482935313,7.201719852168099,2023-08-22,2023-08-22,1,True
IQQY.DE,2023-10-05,27.565000534057617,34.88252146514742,-0.07803239639526025,True,0.004997127607897556,True,True,0.042383162057378826,0.033399155956194096,54.94098348302516,True,True,DRAWDOWN_MACD_TURN,True,False,0.17739891900075544,6.902400818075563,2023-10-05,2023-10-05,1,True
IQQY.DE,2023-10-30,26.950000762939453,33.343985825945126,-0.0785273820961555,True,0.007863191886716858,True,True,0.04854368801285455,0.0340198879998049,53.654594241777325,True,True,DRAWDOWN_MACD_TURN,True,False,0.19907227131315186,7.549096458433851,2023-10-25,2023-10-30,2,True
IQQY.DE,2024-08-07,31.13500022888184,39.42396291610723,-0.1496140462415381,True,0.020701083665638692,True,True,0.052639627604779866,0.022793991719451286,58.509809359814604,True,True,DRAWDOWN_MACD_TURN,True,False,0.08543433179730542,7.268773916771666,2024-08-07,2024-08-07,1,True
IQQY.DE,2024-09-12,31.88500022888184,48.266748724646924,-0.06781144169486888,True,0.016430709241656433,True,True,0.024625219689346525,0.022063722124421193,58.76982518448511,True,True,DRAWDOWN_MACD_TURN,True,False,0.08232705265197415,4.143342702683029,2024-09-12,2024-09-12,1,True
IQQY.DE,2024-11-18,31.229999542236328,39.286031541411795,-0.05587589153179329,True,0.005983248290539478,True,True,0.038040985816940355,0.0212978467718834,57.325003467359416,True,True,DRAWDOWN_MACD_TURN,True,False,0.11687485044444346,6.114675711214049,2024-11-01,2024-11-18,5,True
IQQY.DE,2024-12-27,31.475000381469727,42.01867885612713,-0.09666312634409688,True,0.00694732739765401,True,True,0.027949371735403277,0.021070642943201025,57.02953094022044,True,True,DRAWDOWN_MACD_TURN,True,False,0.16266880944178475,5.03408185321955,2024-12-27,2024-12-27,1,True
IQQY.DE,2025-03-14,34.04999923706055,49.89055309173485,-0.16407756177410396,True,0.030065865652512874,True,True,0.031294516104316286,0.0213909699165753,56.76495012415958,True,True,DRAWDOWN_MACD_TURN,True,False,0.09926581920261501,4.514505979171817,2025-03-14,2025-03-14,1,True
IQQY.DE,2025-04-10,30.415000915527344,33.618899675904345,-0.4515992794700201,True,0.06360736515620591,True,True,0.12082671361995186,0.02211119531703808,55.88253240872475,True,True,DRAWDOWN_MACD_TURN,True,False,,13.304247122005714,2025-04-01,2025-04-10,2,True
IQQY.DE,2025-06-24,33.845001220703125,47.15432327175967,-0.1248050137730053,True,0.03078851267473383,True,True,0.022668201651742936,0.022210161901829856,57.0583877089233,True,True,DRAWDOWN_MACD_TURN,True,False,,4.098023804963469,2025-06-24,2025-06-24,1,True
IQQY.DE,2025-11-24,34.96500015258789,42.01791807822224,-0.12878937435842808,True,0.005776813190115693,True,True,0.04021411310226509,0.018822466215878263,58.055635077005725,True,True,DRAWDOWN_MACD_TURN,True,False,,6.015337240358982,2025-11-24,2025-11-24,1,True
IQQY.DE,2026-03-10,37.619998931884766,43.75547782449901,-0.23925926146625773,True,0.018727200283599338,True,True,0.042869898491493724,0.019573391100668074,57.30643218758058,True,True,DRAWDOWN_MACD_TURN,True,False,,6.054044096869596,2026-03-10,2026-03-10,1,True
IQQY.DE,2026-03-24,35.95500183105469,34.621843968210754,-0.21731367854690986,True,0.022422814534524382,True,True,0.08523084717238782,0.020278790891082706,56.734830691730366,True,True,DRAWDOWN_MACD_TURN,True,False,,10.356283376969952,2026-03-24,2026-03-24,1,True
VUAA.MI,2020-07-31,49.43000030517578,45.96469297202671,-0.1915334257172066,True,0.003373006077857066,True,True,0.0349473032578497,0.032422462349766784,58.94742627703198,True,True,DRAWDOWN_MACD_TURN,True,False,0.37467118204988537,5.199314963425304,2020-07-31,2020-07-31,1,True
VUAA.MI,2020-09-22,50.540000915527344,43.72193933791487,-0.2729837253897481,True,0.014295005489006696,True,True,0.06442057594866583,0.03478448324094315,59.09865319917454,True,True,DRAWDOWN_MACD_TURN,True,False,0.3664423487846937,7.78145214210178,2020-09-14,2020-09-25,3,True
VUAA.MI,2020-11-02,51.36000061035156,45.0097155148935,-0.2740726262941319,True,0.047984505278990786,True,True,0.05204872054153211,0.03665906092200887,58.79978379960626,True,True,DRAWDOWN_MACD_TURN,True,False,0.39719628667152507,6.662926091833219,2020-11-02,2020-11-02,1,True
VUAA.MI,2021-09-22,68.38999938964844,43.39732081372392,-0.22504107462045664,True,0.026037605004537667,True,True,0.02411533101098402,0.019729587300741976,60.09249765257009,True,True,DRAWDOWN_MACD_TURN,True,False,0.09650531558741426,4.5894943995063295,2021-09-22,2021-09-22,1,True
VUAA.MI,2021-12-06,74.29000091552734,50.415916289845015,-0.41160908479023217,True,0.02904645665261618,True,True,0.03293411597692749,0.020806946281978465,60.121988172636236,True,True,DRAWDOWN_MACD_TURN,True,False,-0.04334366914821386,4.593137649169698,2021-12-06,2021-12-06,1,True
VUAA.MI,2021-12-21,74.81999969482422,49.94555257929611,-0.2120293065126061,True,0.006524608498910789,True,True,0.02603488685166906,0.02084199951741158,59.62379336701321,True,True,DRAWDOWN_MACD_TURN,True,False,-0.09262229796099786,4.088235690203913,2021-12-21,2021-12-21,1,True
VUAA.MI,2022-01-26,71.83000183105469,40.32023308053265,-0.559011438118848,True,0.10875515854462936,True,True,0.07614145554913586,0.020903342679419533,59.36316612840516,True,True,DRAWDOWN_MACD_TURN,True,False,-0.06835588941871085,9.059293135877603,2022-01-12,2022-01-26,4,True
VUAA.MI,2022-05-11,70.16999816894531,36.49008145009582,-0.46891373664711666,True,0.026919274571190033,True,True,0.07415229817513623,0.021308285377904055,59.65484861786578,True,True,DRAWDOWN_MACD_TURN,True,False,-0.006127979427055008,9.283175709001316,2022-04-27,2022-05-25,7,True
VUAA.MI,2022-06-20,64.94999694824219,32.28695840595533,-0.5106464881974688,True,0.02260212403329187,True,True,0.09084553851306267,0.023730464999376498,59.261081877477984,True,True,DRAWDOWN_MACD_TURN,True,False,0.16274057261692132,11.03894724044948,2022-06-20,2022-07-01,2,True
VUAA.MI,2022-09-30,69.23999786376953,28.28087846910303,-0.5269291631211042,True,0.024325553410859735,True,True,0.07667689243631837,0.026393164207792242,60.01011204020576,True,True,DRAWDOWN_MACD_TURN,True,False,0.0971982028389855,10.306063547995166,2022-09-27,2022-09-30,2,True
VUAA.MI,2023-03-02,69.16999816894531,43.44431103720726,-0.2994358076321775,True,0.0005483596519897938,True,True,0.038236930895632806,0.03178648394396071,57.351985995766356,True,True,DRAWDOWN_MACD_TURN,True,False,0.2756975596304978,5.714523367929899,2023-03-02,2023-03-02,1,True
VUAA.MI,2023-03-15,68.12999725341797,40.69833985619234,-0.30670955115697957,True,0.008626267963320944,True,True,0.050452999952362805,0.03273970922886609,56.64908549104236,True,True,DRAWDOWN_MACD_TURN,True,False,0.3072068273733235,6.9664060105697905,2023-03-15,2023-03-24,2,True
VUAA.MI,2023-10-06,75.83999633789062,40.663091638214794,-0.18716241176579326,True,0.03836989113135916,True,True,0.04012157590976979,0.035317696825631295,55.02809482636156,True,True,DRAWDOWN_MACD_TURN,True,False,0.294963130627232,6.143416908960104,2023-09-28,2023-10-06,2,True
VUAA.MI,2023-10-31,74.12999725341797,37.743874068158085,-0.2953190785256904,True,0.06191340844114912,True,True,0.047784217002133,0.03587561796223267,54.166202691864335,True,True,DRAWDOWN_MACD_TURN,True,False,0.37987325921303716,7.0483499533548315,2023-10-31,2023-10-31,1,True
VUAA.MI,2024-08-07,91.98999786376952,37.41247770903677,-0.6367023094775263,True,0.06570088634504112,True,True,0.06352443530404933,0.0240097545435388,59.8787341144583,True,True,DRAWDOWN_MACD_TURN,True,False,0.13316665164120733,8.340707053420271,2024-07-29,2024-08-07,2,True
VUAA.MI,2024-09-10,94.20999908447266,46.96148771305169,-0.1813072628637859,True,0.0242933557452511,True,True,0.02625323943697513,0.02275441465030584,59.515298518208894,True,True,DRAWDOWN_MACD_TURN,True,False,0.1337437490347857,4.404110383652841,2024-09-10,2024-09-10,1,True
VUAA.MI,2025-02-27,109.06999969482422,44.439256807309405,-0.3796006152318134,True,0.027171295508464255,True,True,0.027116233154731145,0.016350703996825904,63.163900588844214,True,True,DRAWDOWN_MACD_TURN,True,False,0.034656631428195084,4.725372971647551,2025-02-27,2025-02-27,1,True
VUAA.MI,2025-03-12,98.0999984741211,23.1186828821551,-1.180218853633853,True,0.07901511331270883,True,True,0.12496656908355122,0.016654579210111174,63.163900588844214,True,True,DRAWDOWN_MACD_TURN,True,False,0.1427115210780887,14.68545723846859,2025-03-12,2025-03-12,1,True
VUAA.MI,2025-04-10,89.5,34.77389203505332,-0.884008144798873,True,0.17510228611920997,True,True,0.11987414837982832,0.017868883182543482,63.163900588844214,True,True,DRAWDOWN_MACD_TURN,True,False,,13.112542666880934,2025-04-01,2025-04-10,3,True
VUAA.MI,2025-04-23,90.77999877929688,43.01518311747378,0.16997640148005821,True,0.2259450903671265,True,True,0.10728688563456082,0.018552424944932058,63.163900588844214,True,True,DRAWDOWN_MACD_TURN,True,False,,11.281432539017487,2025-04-23,2025-04-23,1,True
VUAA.MI,2026-02-17,111.11000061035156,42.13065216594714,-0.16498804632936748,True,0.006725644059286551,True,True,0.022177212918929216,0.019238236912552727,60.036646973574804,True,True,DRAWDOWN_MACD_TURN,True,False,,4.561111816919624,2026-01-28,2026-02-17,4,True
VUAA.MI,2026-03-25,109.91999816894533,39.87603054122231,-0.30681328651491824,True,0.052470164621541304,True,True,0.03239436931871172,0.0193938003306937,59.14311445837977,True,True,DRAWDOWN_MACD_TURN,True,False,,5.603946491374707,2026-03-25,2026-03-25,1,True
XMEU.DE,2011-03-17,32.709999084472656,32.42733158814535,-0.25664923064009393,True,0.022123387373664594,True,True,0.08169567475217586,0.030320016912324825,58.35054334607253,True,True,DRAWDOWN_MACD_TURN,True,False,0.02659745554670523,10.292920821359534,2011-03-08,2011-03-17,2,True
XMEU.DE,2011-08-22,28.1200008392334,31.254371678655758,-0.11747006503331137,True,0.009261885187785479,True,True,0.16607355215727232,0.03224801194239019,56.20964553279639,True,True,DRAWDOWN_MACD_TURN,True,False,0.24679944263638975,17.16044700471621,2011-08-11,2011-08-22,2,True
XMEU.DE,2011-09-26,27.68000030517578,43.50882576856233,-0.0012524309708310533,True,0.010342285056721301,True,True,0.07548430823543308,0.03619931923433053,55.139894392618956,True,True,DRAWDOWN_MACD_TURN,True,False,0.28504332740824134,8.687862081978412,2011-09-07,2011-09-26,4,True
XMEU.DE,2011-11-25,27.920000076293945,35.28798292878878,-0.2835324709738103,True,0.02222415412096268,True,True,0.08996089313650424,0.03706382050189857,55.1217375215388,True,True,DRAWDOWN_MACD_TURN,True,False,0.2510745060790247,10.668073158041462,2011-11-25,2011-11-25,1,True
XMEU.DE,2012-04-16,32.2599983215332,39.69156219768542,-0.1645406369088725,True,0.017578484072424627,True,True,0.0638421596456383,0.03492107777758636,56.32869258250496,True,True,DRAWDOWN_MACD_TURN,True,False,0.1655300815382712,8.138216551882522,2012-04-12,2012-04-24,3,True
XMEU.DE,2012-05-21,30.84000015258789,32.98698844165058,-0.15231357652303829,True,0.0072157159063150345,True,True,0.06517130695638168,0.03235736402452244,56.32869258250496,True,True,DRAWDOWN_MACD_TURN,True,False,0.3219844441000277,8.915005712345478,2012-05-21,2012-05-24,2,True
XMEU.DE,2012-06-06,30.920000076293945,45.170036698525855,-0.006547630316624697,True,0.04974374302673995,True,True,0.042131312095190644,0.034215223280904115,56.09724163603938,True,True,DRAWDOWN_MACD_TURN,True,False,0.24353171630224812,5.853501297762665,2012-06-06,2012-06-06,1,True
XMEU.DE,2013-04-19,37.2400016784668,41.393711920711404,-0.12550537249325863,True,0.004872174516785843,True,True,0.03697948172200592,0.029099813589780265,56.435532261791394,True,True,DRAWDOWN_MACD_TURN,True,False,0.189312538112399,5.818987345689334,2013-04-19,2013-04-19,1,True
XMEU.DE,2013-06-07,38.90999984741211,42.01544172129381,-0.25476941932242814,True,0.015779962984851015,True,True,0.047956915480699004,0.029766138924206563,58.02971437907176,True,True,DRAWDOWN_MACD_TURN,True,False,0.21099972029474845,6.635009066326539,2013-06-07,2013-06-07,1,True
XMEU.DE,2013-06-25,36.95000076293945,31.855888377687563,-0.23288765084751656,True,0.01713172632403126,True,True,0.0757878642818861,0.029903557518083632,58.02971437907176,True,True,DRAWDOWN_MACD_TURN,True,False,0.2535858927852255,9.877440304782132,2013-06-25,2013-06-25,1,True
XMEU.DE,2013-12-16,41.52999877929688,41.4593137097255,-0.15571176698458356,True,0.03872160579497641,True,True,0.034186074900072506,0.020295706735827874,60.82859773621143,True,True,DRAWDOWN_MACD_TURN,True,False,0.07488564174728363,5.58895462103325,2013-12-09,2013-12-16,2,True
XMEU.DE,2014-08-11,44.630001068115234,37.183226889337604,-0.16394271730769705,True,0.034857709653445645,True,True,0.04309601946477114,0.01980859679942569,60.8342686065445,True,True,DRAWDOWN_MACD_TURN,True,False,0.18149223124056646,6.72935886824793,2014-08-11,2014-08-11,1,True
XMEU.DE,2014-10-14,43.58000183105469,26.757566905212244,-0.3202304600192531,True,0.014453316149422635,True,True,0.07689043261625211,0.02032835583042545,60.60918235908713,True,True,DRAWDOWN_MACD_TURN,True,False,0.12551622708074306,10.475477918778944,2014-10-14,2014-10-17,2,True
XMEU.DE,2014-11-18,46.119998931884766,51.24778491360289,-0.05999385988470468,True,0.001388427892683064,True,True,0.1880496074860653,0.021348596637341635,60.646736924706964,True,True,DRAWDOWN_MACD_TURN,True,False,0.1316131794319657,16.919190107524933,2014-11-18,2014-12-03,3,True
XMEU.DE,2014-12-16,44.63999938964844,42.015920712929365,-0.37286733407403316,True,0.0024105756383620003,True,True,0.061987828398421124,0.024248595055465,59.97572850975171,True,True,DRAWDOWN_MACD_TURN,True,False,0.1081989672288104,7.757434200580753,2014-12-16,2014-12-16,1,True
XMEU.DE,2015-06-16,53.06999969482422,40.19139554857104,-0.17011988044916415,True,0.01295339703476378,True,True,0.05502137038788257,0.02712871714609004,59.972522407851294,True,True,DRAWDOWN_MACD_TURN,True,False,-0.13435087825731817,7.382570076173502,2015-06-10,2015-06-16,2,True
XMEU.DE,2015-08-25,49.02000045776367,33.29161228897125,-0.6659680662639318,True,0.021705457022250796,True,True,0.11834529131183452,0.029178764042568042,59.291305852489295,True,True,DRAWDOWN_MACD_TURN,True,False,-0.01693190174018533,13.138462076049638,2015-08-17,2015-08-27,3,True
XMEU.DE,2015-09-15,49.060001373291016,43.0279114023539,0.1279661626781241,True,0.01894334953107024,True,True,0.06498951339964183,0.03160040792197121,59.2408772072542,True,True,DRAWDOWN_MACD_TURN,True,False,-0.012026093275021688,7.896369931735956,2015-09-15,2015-09-30,3,True
XMEU.DE,2015-12-15,49.34999847412109,39.39186887320242,-0.4249441370877815,True,0.07198442029249558,True,True,0.06886795331847007,0.033673070993156404,57.55110290319639,True,True,DRAWDOWN_MACD_TURN,True,False,0.033434682409243965,8.570249378157364,2015-12-15,2015-12-15,1,True
XMEU.DE,2016-01-21,45.22999954223633,35.67092535193994,-0.24856129279144423,True,0.060134729862733716,True,True,0.11052112292087728,0.03794528906533494,56.6868977752414,True,True,DRAWDOWN_MACD_TURN,True,False,0.14503651204252632,12.274597298476188,2016-01-12,2016-01-29,4,True
XMEU.DE,2016-02-12,43.060001373291016,37.95852832289004,-0.23998979437089907,True,0.05857967638866768,True,True,0.08519223173001507,0.039645843707828365,56.30536193747511,True,True,DRAWDOWN_MACD_TURN,True,False,0.20204358269339417,10.019525706112201,2016-02-12,2016-02-12,1,True
XMEU.DE,2016-05-09,46.560001373291016,42.95517307024133,-0.26275256599002006,True,0.011863870685106193,True,True,0.046683021543276235,0.042427622416101915,55.56127202605011,True,True,DRAWDOWN_MACD_TURN,True,False,0.21091064014567285,6.4391244164379655,2016-05-09,2016-05-09,1,True
XMEU.DE,2016-06-17,45.810001373291016,39.00870424688293,-0.3590535172065241,True,0.05022590734592702,True,True,0.0683342875895488,0.04367281675958882,54.77369629808712,True,True,DRAWDOWN_MACD_TURN,True,False,0.2276795457870664,8.565872582475613,2016-06-17,2016-07-08,3,True
XMEU.DE,2017-08-30,53.9900016784668,40.200079413673585,-0.06088890778259615,True,0.006918212165576032,True,True,0.02965488370383798,0.024652630096508765,55.7656725563084,True,True,DRAWDOWN_MACD_TURN,True,False,0.06927204570288392,5.352382754939679,2017-08-30,2017-08-30,1,True
XMEU.DE,2017-11-16,56.209999084472656,39.927120770761555,-0.23217600460770343,True,0.015598569607418317,True,True,0.02969102730264358,0.02291524760071507,56.63291305501923,True,True,DRAWDOWN_MACD_TURN,True,False,-0.028286784886767724,5.382570107135329,2017-11-16,2017-11-28,2,True
XMEU.DE,2018-02-12,54.5,34.19246478898242,-0.4550523959620555,True,0.0482211451514265,True,True,0.07423134043099017,0.019150913650886708,57.68977512528615,True,True,DRAWDOWN_MACD_TURN,True,False,0.00385319421050756,9.519260755580973,2018-02-07,2018-02-12,2,True
XMEU.DE,2018-10-25,53.43000030517578,29.661066112475993,-0.16339853946518534,True,0.029012038940712026,True,True,0.0772020915872553,0.020443460841707967,57.47386447017383,True,True,DRAWDOWN_MACD_TURN,True,False,0.15590488431179161,10.210060715732824,2018-10-16,2018-10-25,2,True
XMEU.DE,2018-12-11,51.970001220703125,36.66201128345551,-0.21586668082683036,True,0.007656688540246703,True,True,0.048516985774503335,0.02165922328625965,56.58525946709377,True,True,DRAWDOWN_MACD_TURN,True,False,0.21570134348980852,7.215157733614715,2018-12-11,2018-12-11,1,True
XMEU.DE,2018-12-28,50.68000030517578,36.21015166493229,-0.17343678723029643,True,0.03527500305359399,True,True,0.07111438728838866,0.022138342019573994,55.58203235134382,True,True,DRAWDOWN_MACD_TURN,True,False,0.2803867205782442,9.068135816577865,2018-12-28,2018-12-28,1,True
XMEU.DE,2019-05-30,57.38999938964844,43.123091862738406,-0.09565743546910363,True,0.004697762054415328,True,True,0.03821013657217571,0.024503590865733636,54.37960761011013,True,True,DRAWDOWN_MACD_TURN,True,False,-0.02596267432681465,5.744501739500216,2019-05-14,2019-06-03,4,True
XMEU.DE,2019-08-08,57.810001373291016,40.30942495446812,-0.3534813750565182,True,0.07299385310832573,True,True,0.04256375702817525,0.025080444911366205,55.98419311136069,True,True,DRAWDOWN_MACD_TURN,True,False,-0.020584715674406562,6.374158066807208,2019-08-08,2019-08-08,1,True
XMEU.DE,2019-08-26,57.380001068115234,44.694586425303775,0.07042995066506774,True,0.0030074341866792587,True,True,0.040949368008673256,0.026142560054553305,55.98419311136069,True,True,DRAWDOWN_MACD_TURN,True,False,0.010630892279479776,5.806490798163483,2019-08-26,2019-08-26,1,True
XMEU.DE,2019-10-09,58.84999847412109,44.38640832024829,-0.2596520133226389,True,0.010320985131173854,True,True,0.032549782957967587,0.02621259932716477,55.9305756904432,True,True,DRAWDOWN_MACD_TURN,True,False,-0.027867449994405824,5.165341804612578,2019-10-09,2019-10-09,1,True
XMEU.DE,2020-03-03,58.810001373291016,25.15540264660092,-0.9099383681423343,True,0.04627274640231238,True,True,0.12132076639564629,0.024919766328084923,58.07199481583448,True,True,DRAWDOWN_MACD_TURN,True,False,0.09794249595357352,14.19012104699161,2020-03-03,2020-03-03,1,True
XMEU.DE,2020-03-17,45.084999084472656,16.896576464366234,-1.4284589684681825,True,0.11239552187398294,True,True,0.32638579293438047,0.025208206071963876,58.07199481583448,True,True,DRAWDOWN_MACD_TURN,True,False,0.4827547927608662,31.42120578831382,2020-03-17,2020-03-17,1,True
XMEU.DE,2020-04-06,49.900001525878906,46.870067853855595,0.8824398933336792,True,0.07288394844371515,True,True,0.03742281290506783,0.02654126524924767,58.07199481583448,True,True,DRAWDOWN_MACD_TURN,True,False,0.36472938660740106,5.3068182470198675,2020-04-06,2020-04-06,1,True
XMEU.DE,2020-11-02,54.25,37.891131532871675,-0.3395202842014526,True,0.07425682016788854,True,True,0.06417114270086614,0.028253673372209284,57.70842035757714,True,True,DRAWDOWN_MACD_TURN,True,False,0.399078369140625,8.344578262782123,2020-11-02,2020-11-02,1,True
XMEU.DE,2021-02-01,62.52000045776367,46.90150011779916,-0.30240418630664456,True,0.008352091768724201,True,True,0.026926062914184094,0.024311965586810605,59.88114930574186,True,True,DRAWDOWN_MACD_TURN,True,False,0.20713372789701157,4.4639350213548115,2021-02-01,2021-02-01,1,True
XMEU.DE,2021-09-21,73.16000366210938,42.06186255180572,-0.2640294460897967,True,0.028207514873654027,True,True,0.030736613561783893,0.019354315364519828,59.76816786396418,True,True,DRAWDOWN_MACD_TURN,True,False,-0.052351033889276644,5.25274282976214,2021-09-21,2021-09-21,1,True
XMEU.DE,2021-12-01,75.27999877929688,44.58939819375849,-0.4617411683028191,True,0.06485445796159006,True,True,0.03820107310601759,0.019913731296796893,59.613499503102986,True,True,DRAWDOWN_MACD_TURN,True,False,-0.026434616047268156,5.597146029105558,2021-12-01,2021-12-01,1,True
XMEU.DE,2022-03-09,70.58999633789062,42.46001931275003,-0.4199772515586957,True,0.2279917360582302,True,True,0.07435097875044608,0.023686282555367148,58.2174271799269,True,True,DRAWDOWN_MACD_TURN,True,False,0.08358126975439384,8.702076368760682,2022-01-26,2022-03-09,6,True
XMEU.DE,2022-06-20,67.37000274658203,35.61095447585582,-0.5651946301740394,True,0.07222719922743592,True,True,0.08365062809159383,0.023317462347049497,57.90574431749012,True,True,DRAWDOWN_MACD_TURN,True,False,0.17248025298287573,10.130954799741925,2022-06-20,2022-06-20,1,True
XMEU.DE,2022-07-04,67.7300033569336,42.13049824254384,0.0870331740782524,True,0.0169754233388395,True,True,0.07396767948948772,0.024287687789714654,57.81279078219608,True,True,DRAWDOWN_MACD_TURN,True,False,0.1424773869510889,8.704364534904634,2022-07-04,2022-07-06,2,True
XMEU.DE,2022-09-30,64.52999877929688,31.7690634981671,-0.31720382105517575,True,0.06582693085274083,True,True,0.09112677775638205,0.026725288806549233,58.23155729164073,True,True,DRAWDOWN_MACD_TURN,True,False,0.19820240442389037,11.113235870693854,2022-09-21,2022-09-30,3,True
XMEU.DE,2023-03-16,73.98999786376953,38.667363856743236,-0.46786287480239735,True,0.0021440028010898393,True,True,0.04652062733680936,0.031447114215831774,58.28491517304855,True,True,DRAWDOWN_MACD_TURN,True,False,0.1798892495238975,6.854913801270426,2023-03-16,2023-03-20,2,True
XMEU.DE,2023-08-22,77.33999633789062,41.86422210504877,-0.2274704799140715,True,0.04195658223814208,True,True,0.039135316306136925,0.032960221372858006,55.596199616091475,True,True,DRAWDOWN_MACD_TURN,True,False,0.1634342852024464,5.944403093986078,2023-08-22,2023-08-22,1,True
XMEU.DE,2023-10-05,75.86000061035156,35.0069316480017,-0.23517343327458912,True,0.01286918437514295,True,True,0.04253442640157499,0.03304146883237727,55.596199616091475,True,True,DRAWDOWN_MACD_TURN,True,False,0.2081465962099227,6.902060947325829,2023-10-05,2023-10-05,1,True
XMEU.DE,2023-10-30,74.25,33.438882391843805,-0.21586042284146134,True,0.022414199103256593,True,True,0.04722186950808174,0.034067330743502586,54.49864204725215,True,True,DRAWDOWN_MACD_TURN,True,False,0.23057242756339447,7.4338613214621585,2023-10-25,2023-10-30,2,True
XMEU.DE,2024-07-01,90.16999816894533,46.574771424749436,-0.14834476471110505,True,0.00701986230578025,True,True,0.02254744532308589,0.020160040938571298,60.76793099628808,True,True,DRAWDOWN_MACD_TURN,True,False,0.08084730025022902,4.146318483371926,2024-07-01,2024-07-01,1,True
XMEU.DE,2024-08-07,87.12999725341797,38.9810668162245,-0.4189769327299476,True,0.054636753167571495,True,True,0.05272891853129101,0.02118206087768375,59.610301817120956,True,True,DRAWDOWN_MACD_TURN,True,False,0.11729601219862551,7.320206800880831,2024-07-26,2024-08-07,2,True
XMEU.DE,2024-11-05,89.72000122070312,40.675988830468214,-0.26477471549178516,True,0.018368036406496924,True,True,0.029424503990328248,0.019224152985711465,59.24538003490798,True,True,DRAWDOWN_MACD_TURN,True,False,0.15180556098838593,5.286361436179439,2024-11-01,2024-11-14,4,True
XMEU.DE,2024-12-27,89.27999877929688,42.36786928492553,-0.2859151680632712,True,0.01994547808970326,True,True,0.029037501441661208,0.019695391971124153,58.809197710410736,True,True,DRAWDOWN_MACD_TURN,True,False,0.19310033713583907,5.086213186840344,2024-12-27,2024-12-27,1,True
XMEU.DE,2025-03-14,96.87000274658205,49.78006042973037,-0.48528809652640637,True,0.08054986232294037,True,True,0.03168730647675633,0.020019543666289927,58.68169355751173,True,True,DRAWDOWN_MACD_TURN,True,False,0.12459997267059086,4.556978475167469,2025-03-14,2025-03-14,1,True
XMEU.DE,2025-04-10,86.69999694824219,34.228549996275675,-1.2799896832681257,True,0.18880375713986552,True,True,0.1198863560235855,0.020310128395002496,57.91870787786638,True,True,DRAWDOWN_MACD_TURN,True,False,,13.168053482259275,2025-04-10,2025-04-10,1,True
XMEU.DE,2025-06-24,97.44000244140624,47.41598343422978,-0.4063793610453615,True,0.08598055867945076,True,True,0.0237450673796101,0.02133255952978327,58.877875257420676,True,True,DRAWDOWN_MACD_TURN,True,False,,4.158007046945831,2025-06-24,2025-06-24,1,True
XMEU.DE,2025-11-10,103.9000015258789,50.84984188024678,-0.4040310751422679,True,0.09056362168618926,True,True,0.14002738473276205,0.019002704568671664,59.958461674951664,True,True,DRAWDOWN_MACD_TURN,True,False,,13.11720659059629,2025-11-10,2025-11-10,1,True
XMEU.DE,2026-03-10,110.13999938964844,44.42048619777246,-0.681231265348861,True,0.05808681764332968,True,True,0.041927624679976565,0.020048414597883583,57.98521723307186,True,True,DRAWDOWN_MACD_TURN,True,False,,5.9121613546208795,2026-03-10,2026-03-10,1,True
XMEU.DE,2026-03-24,105.05999755859376,34.09170063671101,-0.6574526448336797,True,0.052367294284784593,True,True,0.08611692418859856,0.021745268256466346,57.103128517865684,True,True,DRAWDOWN_MACD_TURN,True,False,,10.480183871416784,2026-03-24,2026-03-24,1,True
